good,0.116
great,4.0
really,-0.953
would,-1.841
well,2.351
first,0.758
best,2.312
many,0.968
made,-0.918
think,0.106
still,1.289
little,0.308
never,-0.09
know,-0.535
ever,-0.561
love,1.566
makes,0.726
real,0.437
better,-1.231
acting,-1.791
young,1.097
quite,0.648
find,0.437
always,1.054
old,0.063
back,0.003
may,0.626
watching,-0.75
however,0.077
going,-0.605
actually,-0.73
bad,-6.072
new,0.406
funny,-0.409
seems,-0.424
got,-0.399
last,0.23
must,0.119
different,0.761
done,0.065
take,-0.094
played,0.616
almost,-0.013
big,0.062
thought,-0.18
want,-0.735
gets,-0.351
long,-0.135
right,0.156
especially,0.666
give,-0.281
pretty,-0.614
interesting,-0.172
enough,-0.638
excellent,1.231
true,0.71
yet,0.324
when,0.286
probably,-0.109
original,-0.748
beautiful,0.915
comes,0.09
rather,-0.059
found,0.032
far,-0.361
together,0.353
whole,-0.515
might,-0.511
takes,0.289
later,0.417
wonderful,1.082
goes,-0.128
ending,0.01
plays,0.566
classic,0.548
watched,-0.065
hard,-0.149
least,-1.08
gives,0.599
show,0.189
seeing,0.11
loved,0.835
nice,0.271
away,-0.116
perfect,0.892
making,-0.443
believe,-0.393
main,-0.211
feel,0.116
sure,-0.191
put,-0.189
seem,-0.152
trying,-0.571
small,0.42
definitely,0.551
looking,-0.404
often,0.389
recommend,0.405
can't,-0.49
special,-0.169
amazing,0.834
liked,0.436
truly,0.317
short,0.171
not,-0.345
set,0.053
early,0.318
used,-0.056
left,-0.215
came,0.146
second,0.119
end,-0.211
look,-0.321
shows,0.442
remember,0.27
enjoyed,0.582
perhaps,0.094
human,0.414
given,-0.062
american,0.267
high,-0.032
less,-0.109
entertaining,0.309
live,0.327
full,0.143
read,-0.153
maybe,-0.371
several,0.178
simply,-0.381
favorite,0.613
cast,0.134
else,-0.44
keep,0.091
certainly,0.159
able,0.25
become,0.258
finally,0.155
playing,0.078
enjoy,0.295
based,0.138
next,0.068
looks,-0.599
fine,0.395
highly,0.563
top,0.199
instead,-0.832
completely,-0.552
strong,0.492
getting,-0.231
final,0.239
also,0.029
beginning,0.133
wants,0.096
lost,0.0
need,-0.103
sometimes,0.277
went,-0.156
late,0.262
felt,-0.177
black,-0.128
understand,-0.024
written,-0.13
absolutely,-0.224
brilliant,0.493
worth,-0.004
fantastic,0.58
bit,0.239
including,0.216
already,-0.143
gave,-0.019
entire,-0.309
even,-0.302
works,0.339
overall,0.174
hilarious,0.297
musical,0.302
soon,0.158
released,0.208
simple,0.377
expect,-0.007
told,0.162
wrong,-0.524
moving,0.408
took,0.015
supporting,0.337
enjoyable,0.367
romantic,0.33
important,0.227
now,-0.224
wanted,-0.283
directed,0.052
particularly,0.094
turns,0.124
becomes,0.078
somewhat,0.149
shown,0.135
white,0.049
happy,0.249
known,0.155
hope,0.105
tell,-0.165
usual,0.138
lives,0.303
close,0.032
fun,0.18
play,0.146
totally,-0.274
coming,0.052
greatest,0.374
seemed,-0.411
so,-0.183
says,-0.094
involved,-0.084
modern,0.249
easy,0.292
ago,0.187
extremely,-0.056
leave,-0.001
then,-0.536
dead,-0.309
similar,0.155
alone,0.027
father,0.275
realistic,0.309
happened,-0.143
taken,0.004
heard,0.013
surprised,0.194
famous,0.231
powerful,0.401
exactly,-0.053
mean,-0.56
perfectly,0.376
writing,-0.249
easily,0.074
wish,0.071
finds,0.196
memorable,0.317
local,0.063
serious,-0.057
lot,0.077
taking,0.012
typical,0.152
comic,0.119
happen,-0.08
brought,0.222
mostly,-0.007
emotional,0.286
working,0.161
due,0.044
dark,0.206
let,-0.181
try,-0.138
feeling,0.078
possible,-0.115
usually,-0.041
killed,-0.292
british,0.131
certain,0.141
indeed,0.141
evil,-0.108
particular,0.175
hit,0.082
believable,0.206
unique,0.343
starts,-0.096
named,0.072
sad,-0.001
work,0.04
became,0.169
knows,0.103
knew,0.0
huge,-0.109
started,-0.138
nearly,-0.015
french,0.2
slow,-0.165
obvious,-0.314
start,-0.216
living,0.137
shot,-0.143
obviously,-0.356
thinking,-0.222
begins,0.239
poor,-1.106
strange,0.009
low,-0.529
difficult,0.099
turned,-0.11
atmosphere,0.218
incredible,0.292
showing,0.05
japanese,0.177
giving,-0.037
clearly,-0.103
personal,0.2
major,-0.09
viewing,0.127
follow,0.108
complete,-0.289
older,0.143
documentary,0.125
talking,-0.181
appears,-0.091
effective,0.24
dramatic,0.124
clear,-0.022
girl,-0.063
lead,-0.044
deep,0.191
earlier,0.109
recommended,0.308
using,-0.074
filmed,0.021
running,-0.193
beautifully,0.351
recently,0.163
single,-0.184
various,0.124
light,0.119
interested,0.071
eventually,0.037
help,-0.047
actual,-0.097
political,0.13
solid,0.244
ends,0.004
touching,0.334
unfortunately,-0.518
opening,-0.007
turn,-0.057
sexual,-0.025
looked,-0.381
run,-0.122
guess,-0.381
portrayed,0.102
happens,-0.247
gone,-0.01
supposed,-1.009
film's,0.069
subject,0.053
cool,-0.01
present,0.143
charming,0.231
is,-0.133
scary,-0.18
rich,0.147
disappointed,-0.275
bring,0.052
previous,0.0
familiar,0.147
why,-0.839
quickly,0.009
third,0.046
married,0.134
stunning,0.272
tells,0.172
here,-0.066
hear,-0.016
future,0.193
leading,0.068
stop,-0.141
expected,-0.066
social,0.13
outstanding,0.287
seriously,-0.346
impressive,0.18
popular,0.115
saying,-0.364
brings,0.177
following,0.085
character,0.069
falls,-0.105
rare,0.255
worked,-0.035
animated,0.189
follows,0.137
learn,0.087
recent,0.1
created,0.103
past,0.085
setting,0.085
leaves,0.072
visual,0.116
successful,0.106
general,0.027
slightly,0.068
viewer,0.074
natural,0.214
younger,0.108
western,0.127
kept,-0.14
subtle,0.271
open,0.01
large,0.028
expecting,-0.01
sweet,0.233
died,0.068
wonderfully,0.296
add,-0.037
caught,0.113
sound,-0.096
lovely,0.203
acted,0.001
awesome,0.214
filled,0.069
needed,-0.11
fairly,-0.032
leads,0.059
middle,-0.052
showed,0.085
talented,0.021
use,-0.06
dancing,0.13
agree,0.003
decided,-0.184
missed,0.001
forward,-0.044
surprisingly,0.147
telling,0.003
ultimately,0.037
forced,-0.116
realize,-0.007
basically,-0.194
provides,0.216
needs,0.009
decent,-0.423
possibly,-0.169
fast,-0.054
means,-0.016
helps,0.214
changed,0.068
female,-0.172
boring,-1.074
silly,-0.381
missing,-0.054
appear,-0.08
complex,0.183
most,-0.032
apparently,-0.401
equally,0.115
cannot,-0.115
entirely,-0.021
tried,-0.281
italian,0.084
normal,0.087
reading,-0.01
available,0.163
couple,-0.041
stupid,-1.144
former,0.052
compared,0.012
anyway,-0.116
straight,-0.152
knowing,0.13
fully,0.109
novel,0.056
around,-0.2
killing,-0.172
considered,0.041
forget,0.069
mentioned,-0.04
editing,-0.233
buy,0.006
admit,0.001
fighting,0.001
exciting,0.065
appreciate,0.134
gorgeous,0.166
starring,0.075
free,-0.11
kill,-0.246
directing,-0.078
disturbing,0.031
immediately,0.038
ended,-0.056
incredibly,-0.116
common,-0.001
slowly,0.116
uses,0.062
funniest,0.186
rest,-0.11
waiting,-0.059
produced,0.007
singing,0.124
adds,0.152
fight,-0.025
german,0.082
superb,0.228
fresh,0.166
stand,-0.004
along,0.025
fascinating,0.171
impressed,0.146
plot,-0.122
wonder,-0.169
worst,-2.309
save,-0.377
deserves,0.088
laughing,-0.016
convincing,-0.006
win,0.085
hot,-0.077
mind,-0.034
genre,0.075
longer,0.006
narrative,0.057
intense,0.181
public,0.015
tough,0.065
tragic,0.174
terrible,-1.211
friends,0.05
presented,0.057
compelling,0.159
other,0.001
hardly,-0.161
weak,-0.327
innocent,0.127
episode,0.074
inspired,0.147
manages,0.074
amusing,-0.031
likable,0.096
hold,0.037
apart,-0.032
begin,-0.072
considering,-0.046
literally,-0.018
remarkable,0.184
leaving,-0.007
keeps,0.062
lived,0.075
average,-0.097
moved,0.134
finest,0.209
delightful,0.216
personally,0.08
remains,0.105
thoroughly,0.099
weird,-0.085
added,-0.004
stands,0.144
historical,0.043
unusual,0.159
honest,0.035
wrote,-0.124
impossible,-0.041
odd,-0.021
touch,0.119
predictable,-0.439
miss,0.075
sent,0.099
mysterious,0.038
puts,0.102
minor,0.082
stars,0.071
involving,-0.035
imagine,-0.043
biggest,-0.094
violent,0.068
sees,0.112
include,0.046
constantly,0.018
generally,-0.034
intelligent,0.078
tries,-0.168
plenty,0.1
holds,0.141
surprising,0.15
bought,-0.015
suddenly,-0.096
fit,0.028
,0.004
otherwise,-0.105
call,-0.141
scene,-0.06
shooting,-0.043
child,0.057
secret,0.019
quiet,0.147
alive,0.006
meant,-0.13
stay,-0.085
underrated,0.193
somehow,-0.106
positive,-0.135
winning,0.144
deeply,0.153
lose,0.082
cinematic,0.003
art,0.053
falling,0.029
brilliantly,0.186
likely,-0.027
nicely,0.124
growing,0.109
becoming,0.062
loves,0.105
consider,-0.029
crazy,-0.069
serial,0.054
sadly,-0.162
title,0.016
developed,0.009
ahead,0.027
yes,0.003
wait,0.029
central,0.063
silent,0.102
favourite,0.171
held,0.056
necessary,0.08
casting,-0.025
comedic,0.087
reminded,0.037
fantasy,0.11
helped,0.06
annoying,-0.627
moral,0.04
indian,0.041
runs,-0.016
managed,-0.057
fan,0.034
english,0.052
surely,-0.029
script,-0.234
write,-0.212
magic,0.124
cut,-0.166
followed,0.003
terrific,0.18
appeared,0.004
cold,0.044
loving,0.141
unexpected,0.143
heavy,0.044
tale,0.11
thus,0.031
front,0.001
red,-0.054
decides,0.037
finding,0.075
sounds,-0.062
cheap,-0.479
create,0.037
creative,0.025
care,-0.261
mainly,-0.007
laughed,-0.022
rarely,0.072
includes,0.059
suggest,-0.001
bizarre,-0.028
physical,0.071
basic,-0.069
wild,0.088
very,0.035
laughs,-0.028
friend,0.046
meet,0.047
deserved,0.082
military,-0.053
captured,0.106
scenes,-0.016
negative,0.021
creepy,0.027
face,0.046
worse,-1.043
artistic,0.035
horror,-0.053
intended,-0.047
proves,0.077
etc,-0.007
ridiculous,-0.733
technical,0.044
forever,0.035
superior,0.077
began,0.043
continues,0.087
fellow,0.084
forgotten,0.027
engaging,0.071
willing,0.021
led,0.043
professional,0.052
ten,-0.1
happening,-0.025
boy,0.034
meets,0.103
keeping,0.094
flying,0.018
spend,-0.134
point,-0.08
met,0.066
dealing,0.082
laugh,-0.09
aside,0.001
ask,-0.087
traditional,0.106
intriguing,0.072
independent,0.037
twice,-0.006
total,-0.264
dated,0.081
faces,0.01
much,0.006
shocking,0.027
smart,0.021
allowed,0.0
refreshing,0.163
noir,0.146
hate,-0.168
sick,-0.1
dangerous,0.06
cute,0.018
received,0.075
potential,-0.158
putting,-0.015
learned,0.072
nominated,0.131
sitting,-0.135
key,0.046
attractive,-0.028
kid,-0.019
more,-0.027
spectacular,0.116
humorous,0.059
sort,-0.075
born,0.072
seemingly,-0.029
emotionally,0.099
act,-0.077
remembered,0.078
merely,-0.053
ready,0.01
move,0.021
utterly,-0.155
wanting,0.029
limited,0.019
only,-0.137
direct,0.006
fall,-0.018
confused,-0.068
mixed,0.065
spent,-0.181
introduced,0.018
discovered,0.071
creating,0.043
check,0.0
decide,-0.053
scared,0.021
learns,0.121
episodes,0.097
higher,0.063
psychological,0.072
ultimate,0.09
extra,0.027
awful,-1.345
reminds,0.074
grew,0.057
current,0.052
dying,-0.012
originally,0.052
finish,-0.037
ordinary,0.059
fair,-0.053
criminal,0.06
horrible,-0.922
type,-0.01
mother,0.065
portraying,0.105
picked,-0.046
detective,0.05
according,-0.004
creates,0.127
guy,-0.183
sexy,0.0
die,-0.077
allows,0.108
asks,0.032
realized,-0.009
male,-0.047
somewhere,-0.194
glad,0.075
change,0.027
regular,0.059
accurate,0.081
rated,-0.068
head,-0.037
filming,-0.04
fell,-0.081
speak,-0.047
martial,0.024
mad,0.016
included,0.034
satisfying,0.103
afraid,-0.013
proved,0.046
contains,0.025
half,-0.161
dressed,0.007
lack,-0.054
numerous,0.025
understanding,0.056
walking,-0.143
clever,0.019
lonely,0.11
extraordinary,0.137
visually,0.08
revealed,0.038
brutal,0.074
constant,-0.003
flat,-0.29
score,0.057
suppose,-0.137
moves,0.078
sympathetic,0.068
barely,-0.239
individual,0.085
continue,0.029
occasionally,0.029
cinema,0.047
genuinely,0.046
appreciated,0.118
nasty,-0.037
turning,-0.057
stuck,-0.049
tired,-0.121
unknown,0.029
starting,0.003
provide,0.004
opposite,0.065
asked,-0.019
meaning,0.009
bored,-0.306
genuine,0.056
pulled,-0.001
lighting,-0.075
side,0.035
featuring,0.022
legendary,0.093
magical,0.106
aware,0.034
losing,0.066
touched,0.112
witty,0.077
noticed,0.012
angry,-0.054
appropriate,0.054
girlfriend,-0.013
breathtaking,0.128
double,0.016
finished,-0.028
marvelous,0.121
latter,0.021
speaking,-0.029
mental,-0.018
suspect,0.018
sensitive,0.11
loud,-0.081
depicted,0.062
strongly,0.047
caused,0.029
bigger,-0.007
wide,0.072
passed,0.021
explain,-0.091
sharp,0.085
believes,0.047
who's,0.007
graphic,0.034
wondering,-0.09
ride,0.072
relatively,0.046
meanwhile,0.007
drawn,0.041
gripping,0.124
outside,0.004
home,0.053
sets,0.047
sense,-0.075
appealing,0.053
theatrical,0.047
listen,0.009
sing,0.037
desperate,-0.025
lucky,0.063
extreme,0.022
paced,0.09
ring,0.071
chilling,0.119
haunting,0.115
gritty,0.11
unforgettable,0.118
survive,0.034
treated,-0.031
foreign,0.04
quick,-0.028
worthy,-0.029
matter,0.016
thinks,-0.062
contemporary,0.062
brief,0.007
carries,0.102
notice,0.021
fabulous,0.097
features,0.029
magnificent,0.113
provided,0.06
masterpiece,0.087
responsible,-0.029
effectively,0.069
lies,0.009
hidden,0.018
pleasant,0.06
failed,-0.244
loses,0.024
tend,0.057
suspense,-0.001
boys,0.043
likes,0.01
remake,-0.102
handsome,0.088
comedy,0.031
concerned,-0.021
ran,0.032
curious,-0.013
religious,-0.062
loose,-0.021
viewed,0.046
apparent,-0.06
anymore,-0.028
song,0.046
pure,0.05
chinese,0.043
return,0.046
spanish,0.004
standard,-0.021
accept,0.046
captures,0.138
flick,-0.159
confusing,-0.137
storyline,-0.044
realizes,0.078
once,0.013
twisted,0.049
actress,0.0
exceptional,0.109
video,-0.037
portrays,0.074
soft,0.028
depth,0.029
catch,0.037
relate,0.077
largely,0.004
obsessed,0.022
overly,-0.003
anywhere,-0.072
greater,0.072
naked,-0.15
succeeds,0.065
allow,-0.01
please,-0.047
essential,0.08
storytelling,0.06
develop,0.007
grand,0.062
everyday,0.085
bringing,0.038
purpose,-0.096
haunted,0.037
capable,0.004
sorry,-0.181
break,-0.013
wearing,-0.065
offers,0.057
carry,-0.012
committed,0.028
fear,0.021
gotten,-0.004
complicated,0.059
crew,0.0
recognize,0.044
private,0.028
described,0.004
clean,0.04
unlikely,0.012
exist,-0.056
talk,-0.018
experienced,0.025
delivered,-0.007
thrown,-0.084
european,0.004
warm,0.082
troubled,0.088
faithful,0.071
crafted,0.099
fictional,0.031
dies,-0.046
terrifying,0.094
hooked,0.087
focused,0.035
commercial,-0.006
naive,0.031
suspenseful,0.053
handled,0.004
pleasantly,0.1
smile,0.041
hoping,-0.184
piece,-0.121
portrayal,0.081
ok,-0.253
ensemble,0.09
deal,0.057
remain,0.027
nowhere,-0.247
place,-0.003
supposedly,-0.181
sudden,-0.003
compare,0.038
name,-0.034
supernatural,0.0
suffering,-0.009
latest,0.009
frightening,0.053
edited,-0.035
unable,-0.019
essentially,-0.028
lets,0.035
painful,-0.19
star,0.018
safe,0.001
surprise,0.028
bright,-0.019
featured,0.019
combined,0.024
helping,0.047
pick,-0.007
commentary,0.038
doubt,-0.056
naturally,-0.004
nature,0.065
determined,0.062
holding,-0.003
executed,-0.024
notable,0.037
built,-0.015
greatly,0.065
entertained,-0.024
brave,0.068
previously,0.004
seeking,0.062
building,0.025
hurt,-0.004
how,-0.087
cultural,0.05
covered,0.01
wedding,0.032
stuff,-0.027
therefore,-0.013
driven,0.069
form,0.021
performed,0.041
opens,0.021
murdered,-0.065
struggling,0.01
respect,0.007
friendly,0.049
rough,0.063
dreams,0.068
chosen,0.016
walk,-0.088
badly,-0.499
welcome,0.047
initially,0.062
harsh,0.047
son,0.041
lovable,0.068
tight,0.066
deeper,0.077
build,-0.004
grown,0.007
saved,-0.097
heavily,0.01
rented,-0.147
honestly,-0.205
cheesy,-0.057
unnecessary,-0.153
depressing,-0.004
inner,0.056
initial,0.012
aired,0.071
aspect,0.025
raw,0.072
urban,0.074
practically,-0.044
beloved,0.038
kills,-0.034
whenever,-0.019
established,0.041
convinced,-0.018
focuses,0.069
native,0.001
cried,0.081
erotic,0.021
unbelievable,-0.258
dull,-0.427
normally,-0.056
surreal,0.053
occasional,0.007
having,-0.007
authentic,0.052
necessarily,0.015
overlooked,0.081
excited,-0.054
grow,0.046
pacing,-0.037
closer,0.031
paid,-0.187
controversial,0.044
focus,0.018
superbly,0.11
fails,-0.32
flawed,0.041
russian,-0.035
broken,-0.001
hearing,0.021
amazed,0.009
standing,-0.018
such,0.007
reminiscent,0.057
escape,0.018
drama,0.043
unfortunate,-0.007
lady,-0.015
calls,-0.028
critical,0.016
recall,0.012
directly,0.003
offered,-0.007
suicide,0.018
stopped,-0.049
sentimental,0.059
international,0.037
describe,-0.035
sight,0.004
striking,0.057
riding,0.032
accidentally,-0.04
pleased,0.069
shocked,-0.009
hated,-0.112
faced,0.054
atmospheric,0.043
super,-0.007
rival,0.072
guilty,0.0
watchable,-0.113
saving,-0.075
just,-0.032
raised,0.018
hands,0.016
choose,-0.006
prior,0.003
explained,-0.127
bed,-0.035
imaginative,0.046
stylish,0.046
believed,-0.027
attempt,-0.11
enjoying,0.025
australian,0.04
repeated,-0.016
today's,0.065
filmmaking,-0.05
poignant,0.082
quest,0.038
asking,-0.062
pull,0.001
rural,0.074
stick,-0.1
feels,-0.024
performances,0.056
anime,0.059
animal,-0.006
giant,-0.062
fake,-0.252
endearing,0.047
gore,-0.127
stays,0.066
prepared,0.015
deadly,0.003
eating,-0.035
king,0.025
either,-0.084
listening,0.018
learning,0.034
gay,-0.115
soldier,0.034
regarding,-0.009
driving,-0.063
dialogue,-0.028
develops,0.052
cynical,0.032
packed,0.052
changing,0.003
arrives,0.037
lacking,-0.093
breaking,0.019
colorful,0.065
trapped,-0.003
disagree,0.066
abandoned,-0.01
deliver,-0.019
lots,0.0
false,-0.028
evening,0.025
scifi,0.001
ironic,0.038
dumb,-0.361
adding,0.009
finale,0.018
starred,0.013
inside,0.025
daily,0.034
awkward,-0.027
frequently,0.018
facial,0.006
captivating,0.081
disappointing,-0.219
avoid,-0.174
noted,0.035
replaced,0.007
tremendous,0.074
sister,0.015
shame,-0.038
significant,-0.001
understood,0.028
intellectual,0.003
gentle,0.078
achieved,0.043
closely,0.032
fail,-0.062
send,0.013
involves,-0.032
explains,-0.003
friendship,0.08
broke,0.029
charismatic,0.047
actresses,0.05
caring,0.024
stolen,-0.021
quirky,0.044
roles,0.044
hanging,-0.052
wealthy,0.032
times,0.038
placed,-0.007
suffered,0.019
prime,0.01
adapted,0.041
reveal,0.062
discover,0.028
everywhere,-0.006
successfully,0.009
carefully,0.052
have,-0.004
lighthearted,0.069
let's,-0.09
inevitable,0.04
stayed,-0.025
proud,0.031
carrying,0.007
too,0.001
sleep,-0.053
movie's,-0.022
strangely,0.006
prefer,-0.006
mentally,0.003
searching,0.027
jealous,0.05
do,-0.053
empty,-0.108
achieve,0.0
delight,0.096
subsequent,0.056
performing,0.043
tiny,0.0
pay,-0.097
amazingly,-0.001
larger,0.043
fallen,0.009
surrounding,0.029
correct,-0.028
designed,-0.035
steal,-0.031
police,0.031
virtually,-0.056
comfortable,0.056
we're,-0.019
ugly,-0.191
locked,0.003
carried,0.015
guessing,0.031
truth,0.04
struggle,0.022
perspective,0.043
terribly,-0.119
stood,0.038
gratuitous,-0.088
opened,-0.003
screening,0.018
nevertheless,0.05
elderly,0.049
favorites,0.091
splendid,0.069
granted,0.013
again,-0.031
infamous,0.018
overcome,0.035
glorious,0.065
riveting,0.071
nonetheless,0.038
blown,0.021
hired,-0.032
daring,0.059
national,0.044
aging,0.043
increasingly,0.028
sold,0.004
shy,0.066
proper,-0.028
offer,-0.003
bunch,-0.183
inspiring,0.057
physically,0.007
one's,0.021
cry,0.05
stronger,0.032
sell,-0.01
flawless,0.09
represents,0.034
exact,-0.029
instantly,0.034
sophisticated,0.046
accused,0.029
thrilling,0.025
allowing,0.022
gradually,0.053
hopefully,0.01
properly,-0.024
purely,-0.021
adult,0.027
prove,-0.032
facing,0.066
equal,0.001
serve,0.007
chose,-0.054
related,-0.009
earth,-0.054
edge,0.057
required,-0.031
massive,-0.035
understated,0.087
fourth,0.024
easier,0.019
wasted,-0.464
20th,0.052
overthetop,0.004
humor,0.019
level,0.012
pulls,0.054
review,-0.053
hell,-0.106
connected,0.004
see,0.034
canadian,-0.021
affected,0.04
technically,-0.001
seek,0.015
convincingly,0.05
dry,-0.044
happily,0.021
oddly,-0.016
acts,-0.028
fits,0.027
heartbreaking,0.085
requires,0.016
accomplished,0.032
screenplay,0.013
identify,0.038
mere,-0.001
photographed,0.034
lesser,0.037
blue,-0.001
sat,-0.156
heaven,0.037
cover,-0.062
partly,0.022
sit,-0.105
african,0.029
aged,0.012
importantly,0.016
fortunately,0.029
asian,-0.028
kick,0.001
answer,-0.013
wondered,0.024
accepted,0.0
notorious,0.01
dynamic,0.038
nude,-0.022
stellar,0.059
sends,0.037
dubbed,-0.06
directorial,0.029
separate,-0.003
beat,0.003
multiple,-0.018
intrigued,0.027
invisible,-0.018
passing,0.001
promising,-0.054
pushing,0.037
produce,-0.035
comical,-0.032
rushed,0.003
absurd,-0.113
busy,0.012
green,-0.06
protect,0.025
damn,-0.031
influenced,0.04
note,0.007
mention,-0.112
teen,-0.072
heartwarming,0.081
thankfully,0.018
assume,-0.088
poetic,0.056
thank,0.016
ancient,-0.019
pretentious,-0.155
existed,0.018
vicious,0.032
reach,-0.003
drive,-0.031
contrived,-0.113
desperately,-0.035
recognized,0.032
draw,-0.006
wicked,0.027
continued,0.009
typically,0.009
plain,-0.122
brother,0.025
meaningful,-0.003
suggests,0.004
letting,-0.003
adorable,0.05
epic,0.041
humour,0.029
drag,-0.016
theme,0.031
pushed,0.009
experience,0.037
thin,-0.125
boxing,0.06
tied,-0.016
warning,-0.054
regret,-0.003
poorly,-0.632
frustrated,0.003
universe,0.049
detailed,0.025
specific,0.007
checking,0.007
crying,-0.041
unsettling,0.038
portray,0.015
spends,-0.022
masterful,0.078
slight,0.015
degree,0.015
struck,0.028
enormous,0.031
spite,0.003
fitting,0.032
convey,0.025
theater,-0.004
reached,0.025
view,-0.004
cutting,-0.034
cleverly,0.078
refuses,0.038
paying,-0.06
bet,-0.022
lower,-0.069
hunting,0.018
enjoys,0.028
golden,0.027
rolling,-0.018
speaks,-0.007
highest,0.044
mistake,-0.052
father's,0.037
destroyed,-0.038
thoughtful,0.049
spoken,-0.015
material,-0.038
notably,0.024
marry,0.032
flaws,0.037
gun,-0.016
talent,-0.049
sequel,-0.034
unrealistic,-0.119
witness,0.029
ie,-0.006
eerie,0.05
lover,-0.004
returns,0.012
explicit,0.046
hide,-0.01
bitter,0.031
affect,0.054
appeal,-0.038
suffer,-0.004
ruined,-0.112
content,0.009
sleeping,-0.027
concerning,0.019
outrageous,0.006
stated,-0.009
immensely,0.038
credible,-0.027
dealt,0.034
associated,-0.006
satisfied,0.031
devoted,0.025
occurred,0.009
alien,-0.08
surfing,0.041
succeed,-0.025
spoil,0.01
explore,0.032
contrary,0.031
element,0.028
absolute,-0.043
frankly,-0.08
worried,0.021
lame,-0.359
understandable,0.029
dog,-0.012
neat,0.029
advanced,0.035
faith,0.019
insight,0.003
remarkably,0.018
pathetic,-0.373
returned,0.009
murderous,0.028
grim,0.035
futuristic,0.013
engaged,0.028
fashioned,0.05
distant,0.032
are,-0.007
planned,0.029
revealing,0.015
headed,0.013
logical,0.001
recorded,0.028
extended,0.004
escaped,0.013
served,-0.035
guys,-0.046
uncomfortable,-0.032
calling,-0.038
returning,0.001
voiced,0.047
shoot,-0.075
traveling,0.034
release,0.034
restored,0.044
exists,0.012
conventional,0.034
suitable,0.029
throw,-0.103
dad,0.001
explored,0.028
vulnerable,0.049
solve,0.028
elegant,0.054
ambitious,0.019
husband,0.016
exposed,0.009
hysterical,0.013
rid,0.012
meeting,0.038
noble,0.021
forth,-0.01
table,0.013
u,0.018
hopes,-0.009
attempted,-0.019
era,0.046
ages,0.037
man's,0.022
porn,-0.112
astonishing,0.071
relative,0.004
kidnapped,-0.001
killer,-0.035
ill,0.01
innovative,0.012
handle,-0.013
tense,0.035
dropped,-0.022
humble,0.027
disappeared,0.016
corporate,0.031
attempting,-0.04
widely,0.041
undoubtedly,0.021
match,0.021
shall,0.021
providing,0.015
remind,0.018
torn,0.012
currently,0.016
copy,0.003
shallow,-0.097
sex,0.006
screaming,-0.141
okay,-0.155
pictures,0.01
forgot,-0.04
bold,0.028
occurs,0.018
expertly,0.069
believing,-0.007
upper,0.025
trained,0.038
talked,-0.016
imagined,0.007
hatred,0.016
spoiled,0.003
draws,0.052
comedian,-0.01
attached,-0.027
ignored,-0.004
spiritual,0.0
villain,-0.004
picture,0.024
eccentric,0.035
financial,0.013
painfully,-0.141
melodramatic,0.0
funnier,-0.025
provoking,0.038
genius,0.043
stops,0.024
polished,0.043
timing,0.037
iconic,0.046
struggles,0.021
daughter,-0.024
excellently,0.068
arguably,0.027
attacked,-0.05
be,-0.01
evident,0.018
secretly,0.027
menacing,0.01
costumes,0.025
sleazy,0.013
pass,-0.004
wear,-0.018
stereotypical,-0.068
award,0.022
unhappy,0.028
attracted,0.003
stealing,-0.001
relevant,0.009
domestic,0.035
flesh,-0.04
raise,0.01
surrounded,-0.032
threatening,-0.004
sexually,-0.01
career,0.006
fired,-0.016
staged,0.021
drinking,-0.003
train,0.009
horrifying,0.031
where,-0.049
admittedly,-0.024
routine,-0.013
mainstream,0.032
appearing,-0.01
pregnant,-0.05
medical,-0.035
being,0.024
laid,-0.013
classical,0.031
uplifting,0.066
obscure,0.013
ignore,0.004
blame,-0.118
ruin,-0.012
primary,0.013
weakest,0.012
describes,0.021
minute,-0.054
drawing,0.01
receive,0.012
shortly,0.009
dirty,0.004
fish,0.016
chase,0.001
pulling,-0.003
deserve,-0.078
climax,-0.015
lacks,-0.165
beating,-0.006
walked,-0.1
revolutionary,0.018
sympathy,-0.016
ambiguous,0.032
hits,0.009
wished,0.016
sucked,-0.14
reflects,0.049
tear,0.04
lively,0.035
purchased,0.019
pointed,-0.034
restrained,0.063
corny,-0.003
composed,0.009
youth,0.032
developing,0.015
soundtrack,0.003
attempts,-0.021
ingenious,0.037
impact,0.031
underground,0.019
dedicated,0.01
represented,0.015
uneven,0.004
consistently,0.01
warned,-0.069
rent,-0.078
considerable,0.016
arrested,-0.004
underlying,0.027
eyes,0.021
festival,0.028
newly,0.031
cares,-0.029
gifted,0.027
challenging,0.028
improved,-0.007
can,-0.013
smaller,0.013
deliberately,0.009
lesbian,-0.102
suited,0.01
mechanical,0.038
overwhelming,0.016
gambling,0.04
aforementioned,-0.031
opposed,-0.01
gruesome,-0.018
defined,0.025
figured,-0.084
specially,0.037
seeks,0.032
forest,-0.021
summary,-0.037
displayed,0.015
expressed,0.024
upset,-0.038
wrapped,0.012
fascinated,0.031
inventive,0.037
instant,0.028
bothered,-0.082
mystery,0.015
smooth,0.04
vivid,0.043
realizing,0.016
philosophical,0.015
matched,0.032
joined,0.015
nervous,0.01
ought,-0.009
arrive,0.001
swimming,0.024
picking,-0.015
bleak,0.04
educational,0.024
respected,0.027
exotic,-0.004
shed,0.022
delivers,0.029
accent,-0.007
fly,-0.007
repeatedly,-0.019
unfold,0.035
primarily,0.01
expensive,-0.032
training,0.018
liberal,-0.003
bumbling,0.027
revenge,0.007
smiling,0.027
accessible,0.06
elaborate,0.0
spirit,0.028
concept,-0.009
vast,0.018
definitive,0.06
pleasure,0.038
floating,0.016
climactic,0.016
specifically,0.012
closest,0.018
escapes,-0.004
sounded,-0.074
revolves,0.013
referred,0.027
shared,0.027
endless,-0.081
cant,-0.056
focusing,0.004
crowd,0.016
liking,0.009
queen,-0.009
travel,0.015
nearby,-0.004
mix,-0.012
highlight,-0.004
cause,-0.006
figure,-0.028
writer,-0.015
surviving,0.003
kiss,0.01
search,0.015
assigned,0.021
lately,0.007
disturbed,-0.012
throwing,-0.081
ideal,0.041
definite,0.038
drunk,-0.025
supported,0.028
staying,-0.003
remaining,-0.025
racial,0.007
cared,-0.013
causing,0.007
whilst,0.007
retired,0.027
entertain,-0.016
provocative,0.038
remote,-0.035
conservative,0.027
offensive,-0.103
actor,-0.012
addicted,0.035
boyfriend,-0.049
irish,0.018
treat,0.028
arrived,0.003
covers,0.037
ship,0.0
listed,-0.032
disgusting,-0.127
buying,-0.012
fate,0.031
discovering,0.032
occur,0.009
engrossing,0.041
gross,-0.037
lifestyle,0.037
bear,-0.032
involve,0.01
plans,0.019
crucial,0.024
hiding,-0.019
random,-0.156
fairy,0.021
strictly,-0.038
nonstop,0.015
lying,-0.035
tortured,-0.012
comparing,0.015
broad,-0.009
onscreen,0.007
scripted,-0.024
fatal,-0.001
horribly,-0.133
neatly,0.041
delightfully,0.057
hospital,-0.019
expert,0.024
differently,0.037
succeeded,-0.009
grows,0.006
library,0.016
blew,0.016
elsewhere,-0.025
delicious,0.057
worry,0.001
acceptable,-0.035
aimed,-0.027
sincere,0.016
reveals,0.035
destroy,-0.038
causes,-0.021
control,0.015
capturing,0.016
mistaken,0.027
forgive,-0.028
exaggerated,-0.015
south,0.009
serves,-0.009
excessive,0.012
socalled,-0.071
joy,0.028
hitting,-0.024
was,-0.034
useful,0.0
dream,0.031
painting,0.004
settle,0.007
principal,0.012
masterfully,0.056
react,0.015
alcoholic,0.003
contained,-0.004
legs,0.009
reluctant,0.028
drunken,0.01
alike,0.006
chasing,-0.034
homosexual,0.007
depicting,0.021
logic,-0.081
chief,0.024
directs,0.024
immediate,0.031
agrees,0.013
simplistic,-0.01
active,0.022
soul,0.025
wins,0.004
joke,-0.085
thrilled,0.035
twist,-0.04
mesmerizing,0.054
dubbing,-0.043
funeral,-0.001
startling,0.035
painted,-0.007
witnessed,0.001
producing,-0.025
unaware,0.019
strongest,0.029
appropriately,0.028
charged,0.027
choreographed,0.006
stumbled,0.013
oldest,0.032
alltime,0.024
stunningly,0.038
nostalgic,0.015
baby,0.004
precious,-0.021
dragged,-0.043
unpredictable,0.022
step,0.021
steals,0.054
buried,-0.027
selfish,-0.001
prominent,0.034
translated,0.019
scare,-0.003
lengthy,0.013
kicked,-0.001
wears,0.01
bottom,-0.103
presents,0.019
loosely,-0.032
commented,-0.009
controlled,0.024
feature,-0.015
abusive,0.019
tends,0.037
character's,-0.01
wooden,-0.175
titled,-0.015
dislike,0.004
presenting,0.016
doomed,0.004
simultaneously,0.018
slapstick,-0.004
moreover,0.029
universal,0.038
deals,0.037
sinister,0.022
laughter,0.001
altogether,-0.004
wounded,0.013
namely,0.001
vividly,0.037
reflect,0.016
catching,0.012
jewish,-0.004
brutally,-0.001
additional,0.027
energetic,0.053
taught,0.007
scientific,-0.01
neglected,0.053
admire,0.006
theatre,-0.037
admirable,0.024
worthwhile,-0.018
reaching,0.001
cameo,0.0
signed,0.001
digital,-0.015
comment,-0.009
earned,0.009
enchanting,0.053
connect,-0.004
destined,0.024
accompanied,0.007
mutual,0.035
rental,-0.074
unexpectedly,0.021
consists,-0.056
jumping,-0.004
cerebral,0.053
closed,0.007
eternal,0.034
suggested,0.013
legend,0.012
distracting,-0.021
exceptionally,0.001
ironically,0.025
legal,0.007
refused,0.015
pays,0.031
tragedy,0.032
casual,0.022
claimed,-0.009
raising,0.016
shock,0.001
adopted,0.01
childish,-0.013
assumed,0.003
severe,0.001
stage,0.009
we've,-0.006
subtly,0.037
ordered,0.018
psychotic,-0.016
accomplish,0.027
sappy,0.001
eat,-0.043
keen,0.035
valuable,-0.009
hero,-0.015
fill,-0.056
loaded,0.004
nowadays,0.025
discovers,0.021
wise,0.027
guest,0.016
glamorous,0.027
lasted,-0.018
obtain,0.029
vocal,0.034
roll,-0.027
manage,-0.021
guaranteed,0.022
experiencing,0.032
depicts,0.052
remained,0.012
reasonable,-0.041
object,-0.004
picks,0.019
inferior,0.007
represent,0.009
rubbish,-0.153
hoped,-0.06
nuclear,-0.038
reduced,-0.031
spell,0.015
wellwritten,0.052
i'm,-0.004
swedish,0.01
shines,0.052
nose,-0.038
voice,0.029
thoughtprovoking,0.024
grateful,0.052
spooky,0.018
bully,0.022
explores,0.05
childhood,0.05
respectively,0.019
hearted,0.032
experimental,0.012
unfolds,0.05
exterior,0.024
cop,-0.04
delicate,0.05
deceased,0.009
utter,-0.112
burned,-0.022
removed,-0.025
sought,0.025
exquisite,0.032
rising,0.009
charm,0.025
corrupt,-0.013
mature,0.027
formed,0.024
resulting,-0.001
amongst,-0.004
blend,0.027
pain,0.003
behavior,0.001
teacher,-0.012
complain,0.013
careful,0.018
planning,0.01
suspicious,-0.001
claim,0.013
illegal,0.0
spirited,0.022
regarded,0.01
encounter,0.015
flow,0.006
lavish,0.05
window,-0.006
primitive,0.016
despicable,0.01
quote,0.009
criticized,0.05
trailer,0.012
depressed,-0.01
perform,0.01
express,0.0
tracking,0.021
horrific,-0.013
ain't,-0.015
cheating,0.0
camp,-0.009
isolated,-0.001
fat,-0.085
framed,0.019
hugely,0.029
attend,0.022
visited,0.013
loyal,0.028
throws,-0.053
deliciously,0.049
crippled,0.028
frightened,0.012
weight,0.022
luck,-0.004
indie,0.013
regard,0.012
builds,0.031
will,0.003
raises,0.01
people's,0.001
demonstrates,0.024
till,0.012
sadness,0.049
cruel,0.01
crude,-0.009
wholly,-0.003
stark,0.049
west,0.022
guilt,0.049
intentionally,-0.007
parallel,0.021
fastpaced,0.028
adventures,0.049
tone,0.022
lacked,-0.046
kinda,-0.019
insane,0.006
family's,0.029
unfair,0.013
adequate,-0.009
they've,-0.016
mild,-0.018
explaining,-0.028
watch,0.003
separated,0.029
result,-0.025
alongside,0.021
steady,0.024
slasher,-0.102
dare,0.016
lasting,0.032
plight,0.031
seldom,0.028
absorbing,0.049
questionable,-0.01
politically,-0.019
pet,0.018
preferred,0.021
enhanced,0.032
thick,0.016
precisely,0.009
historic,0.022
entered,0.013
critic,0.009
miserable,-0.018
message,0.021
unusually,0.047
fought,0.012
skill,0.016
wave,0.013
list,-0.006
convoluted,-0.044
inspirational,0.024
acclaimed,0.018
rendered,0.016
threatens,0.025
rewarding,0.047
sublime,0.047
overrated,-0.062
youngest,0.009
establish,0.047
walks,-0.003
uncut,0.018
generated,-0.001
track,0.013
mine,0.013
respective,0.016
devastating,0.031
survived,-0.012
secondary,0.006
height,0.025
phenomenal,0.047
tribute,0.028
serving,0.018
realised,0.0
discussing,0.016
uniformly,0.015
sequences,0.001
intricate,0.047
replace,0.004
accurately,0.012
failing,-0.032
glued,0.031
enter,0.007
lesson,0.018
dating,-0.01
blow,0.001
aspiring,0.006
lust,0.013
hates,0.003
completed,0.01
reasonably,-0.041
downright,-0.06
tad,0.007
middleaged,0.003
countless,0.004
heartfelt,0.047
transformed,0.013
distinct,0.006
suitably,0.015
waited,-0.021
hilariously,-0.003
sheer,-0.007
renting,-0.096
quality,0.004
aka,-0.022
objective,0.009
youthful,0.029
fire,-0.004
whimsical,0.046
quintessential,0.046
cracking,0.025
superficial,-0.019
consistent,-0.006
greed,0.046
sky,0.007
castle,-0.006
contain,-0.013
abused,0.007
official,0.019
constructed,0.01
disappear,-0.01
confronted,0.016
jumps,-0.006
offering,0.003
firmly,0.018
praised,0.013
quietly,0.0
acquired,0.018
straightforward,0.029
irritating,-0.161
artist,0.019
sum,-0.044
defeated,0.006
optimistic,0.027
desired,-0.003
drew,0.025
format,0.007
shining,0.009
demanding,0.015
eg,-0.012
frame,0.012
thriller,0.006
sake,-0.075
lie,0.001
stunned,-0.004
visible,0.001
demented,-0.004
sharing,0.013
borrowed,0.001
forgettable,-0.147
nothing,-0.01
recognizable,0.007
injured,0.018
band,-0.009
fancy,-0.013
adventure,0.044
monster,-0.016
snow,0.01
crappy,-0.158
delivering,-0.013
employed,0.009
surprises,0.016
happiness,0.044
cat,0.009
minimal,-0.038
dazzling,0.044
tormented,0.022
deranged,0.007
pop,-0.025
wake,0.009
postwar,0.044
heroine,0.012
captivated,0.044
chooses,0.022
dialog,-0.021
camera,-0.028
reviewer,-0.003
heroic,0.021
coupled,0.007
bother,-0.149
box,-0.027
varied,0.028
unseen,0.006
repressed,0.019
reaches,0.007
director's,-0.027
morally,-0.001
promised,-0.027
equivalent,0.0
split,0.012
conflict,0.019
wit,0.018
faster,-0.016
rounded,0.027
suspend,-0.001
writes,0.006
eventual,0.018
arranged,0.044
seen,-0.016
gang,0.012
saves,-0.021
did,-0.012
published,0.018
defend,-0.001
literary,-0.006
inevitably,0.013
neurotic,0.013
swept,0.028
rating,-0.01
luckily,0.009
scored,0.021
scariest,0.044
artificial,-0.015
widowed,0.044
fifteen,-0.04
gem,0.044
costume,-0.004
enigmatic,0.024
closing,-0.009
everyone's,0.012
warn,-0.047
arrival,0.024
readily,0.021
belongs,0.009
something,-0.04
understands,0.025
drives,-0.003
confident,0.024
estranged,0.015
blood,-0.044
joins,0.012
nightmare,0.007
threw,-0.037
urge,-0.01
show's,0.019
shake,0.003
positively,-0.001
frequent,-0.006
insightful,0.016
land,0.009
asleep,-0.147
kissing,0.003
handed,-0.034
bloody,-0.043
spoke,-0.024
murder,0.0
sounding,0.006
convicted,0.021
preparing,0.013
challenge,0.004
approached,0.019
beaten,-0.025
exploring,0.012
relaxed,0.043
peaceful,0.019
belong,0.004
accident,0.004
colour,0.016
tv,0.009
woman's,-0.01
terrified,0.0
slave,0.0
angles,0.001
forcing,0.007
beauty,0.027
invites,0.012
escaping,0.015
petty,0.012
scenery,-0.003
resulted,0.013
smoking,0.0
claims,-0.01
argue,0.0
vital,0.007
had,-0.018
intimate,0.043
sole,-0.04
compelled,-0.029
plan,0.01
sometime,0.015
gonna,-0.038
calm,0.022
audio,0.01
cops,0.007
assured,0.015
kids,0.004
mouth,-0.022
lowbudget,-0.044
children's,0.01
mindless,-0.032
detail,0.015
plausible,-0.01
resemble,-0.009
wacky,-0.009
delighted,0.021
armed,-0.012
banned,-0.038
copied,0.018
biased,-0.003
skin,-0.013
loneliness,0.041
alternative,0.01
threatened,0.007
vaguely,-0.012
widescreen,0.021
owns,0.015
nuanced,0.041
upcoming,0.025
patient,0.024
fame,0.013
gain,0.021
gory,-0.025
disguised,0.007
affecting,0.041
challenged,0.013
wisely,0.015
shadow,0.016
join,0.022
credited,-0.009
rely,0.006
southern,-0.037
discussed,0.024
retarded,-0.096
gently,0.041
excitement,0.009
attending,0.016
teenage,0.003
laughable,-0.393
arrogant,-0.016
insists,0.041
crossing,0.041
similarly,0.001
wall,0.003
continuing,0.013
admired,0.019
wildly,0.003
servant,0.025
context,-0.029
website,0.004
offended,-0.035
rolled,-0.009
filling,0.001
drops,0.015
timeless,0.041
nightmarish,0.041
economic,0.022
improve,-0.029
depends,0.015
burning,-0.015
dressing,0.006
eleven,0.021
claustrophobic,0.025
realise,0.013
breaks,0.003
deserted,-0.004
amused,-0.016
avoided,-0.037
handful,-0.018
canceled,0.016
stories,0.013
complaining,-0.004
tame,-0.013
settled,0.019
solely,-0.029
located,0.015
lifetime,0.013
trust,0.0
mildly,-0.131
upon,0.007
rebellious,0.016
aided,0.021
firing,0.009
invited,0.006
satirical,-0.001
conveyed,0.015
concert,0.04
rank,0.019
premise,-0.022
outing,0.006
satire,0.012
korean,-0.004
profound,0.021
literal,0.016
reliable,0.006
shadows,0.021
wont,0.0
oldfashioned,0.015
teach,-0.009
names,-0.021
symbolic,0.006
influential,0.04
selling,0.001
receives,0.009
raped,-0.06
regardless,-0.007
considerably,0.003
manipulated,0.04
strict,0.024
drove,0.001
would've,-0.053
jumped,-0.028
repeating,0.0
manipulative,-0.01
newer,0.012
rise,0.012
farfetched,-0.001
ominous,0.009
fond,0.016
touches,0.04
emerges,0.015
depending,-0.003
reunited,0.021
entering,-0.003
imagery,0.018
abrupt,0.009
ranks,0.016
deserving,0.001
desert,0.0
grade,-0.044
disabled,0.01
conflicted,0.038
displays,0.019
praise,0.01
tuned,0.012
implied,0.012
wishing,-0.018
hitman,0.038
attitude,0.038
girl's,0.01
layered,0.038
island,-0.015
intensely,0.012
dismiss,0.038
wellknown,-0.001
partially,0.003
anger,0.016
blowing,0.0
industrial,0.004
accepting,0.018
promise,-0.028
obsessive,0.018
stopping,0.003
reallife,0.038
thru,0.006
door,-0.028
hardened,0.018
sells,0.016
capture,0.018
warmth,0.038
lush,0.018
handling,0.0
staring,-0.028
wellacted,0.018
outdated,-0.01
unfolding,0.019
enthusiastic,0.006
nostalgia,0.009
noticeable,0.015
aspects,0.016
cameos,0.007
makeup,0.004
survival,0.038
par,-0.001
taped,0.013
nephew,0.019
maintains,0.038
formula,0.012
combine,0.01
spy,0.019
store,0.004
iranian,0.038
lay,0.006
ludicrous,-0.127
conceived,-0.016
lowkey,0.038
receiving,-0.001
knocked,-0.013
string,-0.029
correctly,-0.015
possessed,-0.034
invented,-0.013
implausible,-0.049
cross,0.004
covering,0.007
encounters,0.018
vibrant,0.037
gather,0.012
cheese,-0.05
rewarded,0.019
stole,-0.001
shine,0.012
screwed,-0.004
finely,0.037
'the,0.006
ensure,0.007
continually,-0.006
spoof,-0.021
bears,0.037
halfway,-0.078
scheming,0.015
witnessing,0.016
potentially,-0.032
commanding,0.019
tremendously,0.013
victorian,0.015
controlling,0.018
question,0.001
assembled,0.012
chased,-0.043
destroying,-0.035
investigating,0.0
popcorn,-0.018
posted,-0.012
extras,-0.012
irresistible,0.037
dashing,0.015
landed,-0.001
collect,0.019
confined,0.012
resolved,0.004
embarrassing,-0.181
enthralling,0.037
come,0.037
visit,0.007
longing,0.037
wore,-0.021
undeniably,-0.001
fortunate,0.037
polar,0.037
seasoned,0.016
glimpse,0.018
presumably,-0.06
describing,0.007
non,-0.01
promoted,0.003
suspected,0.013
trick,0.006
astounding,0.015
ups,0.01
guessed,-0.047
soviet,0.016
modest,0.006
seat,0.037
mother's,0.016
suburban,0.013
backgrounds,0.035
longest,0.015
marvelously,0.035
gotta,0.001
generous,-0.072
organized,-0.001
shut,-0.034
visiting,0.0
afford,-0.003
containing,-0.001
attended,0.009
tightly,0.019
annoyed,-0.085
i've,0.001
demonstrated,0.012
club,0.003
befriends,0.01
admitted,0.012
marrying,0.035
lends,0.019
voted,0.0
paranoia,0.035
tonight,0.013
ease,0.018
hang,0.001
stretch,0.0
punch,0.009
images,0.007
tedious,-0.177
pleasing,0.015
adore,0.015
mustsee,0.035
healthy,0.003
victim,-0.027
foremost,0.035
north,0.006
subtitles,0.035
brooding,0.006
enjoyment,-0.013
messed,-0.034
sarcastic,0.009
remade,0.0
unreal,-0.013
freedom,0.035
mid,0.0
afterward,0.015
murdering,-0.012
push,0.01
decidedly,0.003
discuss,-0.006
eager,-0.015
centered,0.0
damaged,-0.001
shaped,0.019
suspects,-0.003
goofy,-0.018
fans,0.006
lighter,0.016
mediocre,-0.091
homeless,0.018
lend,0.013
civil,0.019
nonsense,-0.057
vs,0.006
lazy,-0.072
awaiting,0.016
edgy,-0.004
automatically,-0.025
go,0.004
opera,0.012
sunny,0.035
hey,-0.022
worn,0.01
relax,0.035
stiff,-0.028
campy,-0.027
cooking,0.018
global,-0.015
resembles,-0.009
online,0.003
improbable,0.001
pursuing,0.034
narrow,0.013
grabbed,0.013
enchanted,0.034
fault,-0.01
awe,0.034
warming,0.034
relying,0.013
hair,-0.004
wet,-0.003
mark,0.0
lands,0.007
he'll,0.004
defending,0.016
sadistic,-0.046
cinematography,-0.007
contributed,0.013
apartment,0.034
transported,0.034
introduce,-0.003
historically,-0.012
minimum,-0.021
buddy,0.007
inherent,0.004
souls,0.016
amateurish,-0.163
rose,0.018
admirably,0.034
verbal,0.013
unravel,0.034
progressed,0.006
deciding,0.006
lily,0.034
stylized,0.015
warrior,-0.003
blamed,0.006
slimy,0.018
greek,0.012
foot,0.004
effortlessly,0.034
vague,-0.038
realistically,0.012
elements,0.003
teaching,0.0
behold,0.034
pretending,-0.022
demands,0.015
reflected,0.034
ethnic,0.0
judged,0.009
twists,0.012
though,0.004
hundred,-0.038
backed,0.01
frantic,0.012
wife's,0.007
seductive,0.006
yelling,-0.032
passionate,0.034
compete,0.007
round,0.009
converted,0.034
owes,0.013
support,0.003
pivotal,0.018
checked,-0.021
ocean,0.013
danish,0.034
repetitive,-0.06
firstrate,0.034
mischievous,0.034
onedimensional,-0.035
sings,0.034
immortal,0.007
angel,0.013
groundbreaking,0.01
anticipated,0.003
dysfunctional,-0.012
christian,-0.081
uncle,0.034
musician,0.01
length,0.004
sympathize,-0.001
rejected,-0.013
predict,0.012
unpleasant,-0.059
fragile,0.034
embarrassed,-0.124
identified,0.034
disliked,-0.028
progresses,0.01
ball,0.016
dominated,0.006
harrowing,0.034
reads,-0.013
maintained,0.034
sincerely,-0.007
cliché,-0.05
tree,-0.031
horrendous,-0.099
fantastically,0.032
occupied,0.016
rises,-0.009
lurid,0.015
helpful,0.003
changes,0.007
mystical,0.006
sits,0.006
mortal,0.016
range,0.0
precise,0.032
uncredited,0.016
19th,0.009
disappears,-0.003
glowing,-0.012
warns,0.015
obnoxious,-0.127
wellmade,0.013
balanced,0.032
unnerving,0.032
sloppy,-0.074
uncanny,0.009
relating,0.009
peak,0.032
ruled,0.032
narrated,0.012
dignified,0.032
reserved,0.016
temporary,0.032
complained,0.012
powerfully,0.032
bore,-0.046
forbidden,0.006
cunning,0.032
kicking,-0.029
frustrating,-0.021
scottish,0.009
detract,0.032
stilted,-0.047
sitcom,0.004
marvellous,0.032
unintentionally,-0.099
emily,0.032
teenager,0.009
web,0.01
aggressive,0.001
harder,-0.001
rightly,0.015
displaying,0.01
girls,-0.038
dropping,-0.013
heck,-0.022
slightest,-0.062
femme,0.016
encountered,0.001
desire,0.004
fix,-0.003
competent,-0.025
proving,-0.009
flowing,0.009
overacting,-0.056
searched,0.012
sign,-0.007
count,-0.022
interact,0.01
rifle,0.032
begging,0.0
skeptical,0.01
longtime,0.012
fed,-0.003
overwhelmed,0.032
interior,0.012
lake,-0.016
claiming,-0.009
unconventional,0.032
impression,-0.01
mythical,0.032
forgiven,-0.001
inexplicable,-0.022
roughly,0.0
honor,0.013
deny,0.012
electric,-0.009
peculiar,0.013
fu,0.032
applied,0.016
dig,-0.007
anxious,0.015
denied,0.032
respectable,0.001
background,0.006
protagonist,0.013
encourage,-0.007
smoke,-0.012
uptight,0.032
dose,0.003
rugged,0.032
eaten,-0.031
immense,0.009
blows,-0.018
sneak,0.0
unrelated,-0.016
achievement,0.032
filthy,0.012
disastrous,-0.004
blind,-0.018
agreed,-0.04
observed,0.031
rousing,0.031
kicks,0.006
subsequently,0.009
shaky,-0.015
dreadful,-0.165
tall,-0.018
jokes,-0.001
bound,0.031
dimensional,-0.037
spontaneous,0.031
cancelled,0.013
text,-0.001
enormously,0.015
few,0.031
furious,0.01
songs,0.009
rapid,0.031
earliest,0.01
impending,0.007
unfamiliar,0.031
interpreted,0.031
wing,-0.015
famed,0.01
substantial,-0.001
shots,-0.015
landing,-0.016
inclined,0.012
vastly,-0.009
enemy,0.003
integral,0.031
betrayed,0.013
sorts,0.006
penned,0.01
educated,0.004
sly,0.031
heading,-0.013
firstly,-0.018
melancholy,0.031
mentioning,-0.019
lifted,-0.022
unpretentious,0.031
deemed,0.012
they'll,-0.016
wholesome,0.031
earns,0.031
footage,-0.009
sensual,0.031
dubious,-0.013
loads,0.006
static,-0.004
sensational,0.031
uninteresting,-0.165
a,-0.001
hardboiled,0.031
profoundly,0.031
expose,-0.004
unwilling,0.031
self,-0.001
broadcast,0.012
apply,-0.001
arriving,0.009
linked,0.006
thrust,0.031
deservedly,0.031
dvd,0.01
world's,-0.009
undercover,0.031
distinctive,0.031
jaded,0.001
fortune,0.006
yellow,0.0
premiere,0.003
nail,0.012
conscious,0.031
whatsoever,-0.133
openly,0.009
there,-0.01
fade,0.009
achieves,0.031
severely,-0.029
framing,0.031
fleshed,0.004
us,0.007
accompanying,0.01
behave,-0.04
lovingly,0.031
courageous,0.015
amateur,-0.074
inadvertently,0.003
collective,-0.009
teamed,0.031
elephant,0.031
attack,-0.021
lyrical,0.031
consumed,0.007
fifty,0.001
states,-0.006
someday,0.007
misses,-0.016
ghostly,0.003
advised,0.009
comparable,0.012
slick,-0.006
display,-0.004
flows,0.029
pair,0.0
unfairly,0.029
subconscious,0.029
sending,-0.007
rooting,-0.012
studying,-0.01
interrupted,0.029
journey,0.029
goodnatured,0.029
screen,0.029
wind,0.007
ensues,0.009
imaginary,0.004
blonde,-0.027
justified,-0.009
melting,-0.016
nightclub,0.029
characters,0.029
recording,-0.016
excess,0.007
master,0.007
overshadowed,0.029
hopeful,0.029
handles,0.001
richly,0.029
force,-0.007
mom,-0.003
silver,0.009
fanatic,0.004
disgusted,-0.018
screened,0.013
slower,0.009
boasts,0.013
earn,-0.007
imaginable,-0.029
tended,0.006
secondly,-0.028
themes,0.029
21st,-0.004
racist,-0.012
communicate,0.029
mood,-0.015
outlandish,-0.001
infectious,0.029
madly,0.029
drags,-0.034
swing,0.003
begun,0.007
accidental,0.013
persona,0.003
impeccable,0.029
husband's,0.007
seeming,0.001
hinted,0.0
eagerly,0.007
applaud,0.001
combining,0.029
overt,0.029
uniquely,0.029
remembering,-0.004
approaching,-0.006
regularly,-0.004
promises,0.013
disc,0.029
reunite,0.013
classy,0.029
elected,0.009
trite,-0.059
suggesting,0.003
characters',0.003
communist,0.006
banal,-0.028
studied,0.009
life's,0.029
zombie,-0.059
trash,-0.068
contact,-0.001
blessed,0.029
judging,-0.022
racing,0.001
updated,0.001
pretend,-0.025
jump,-0.006
passable,-0.027
evolved,0.029
answered,-0.016
destiny,0.029
heavenly,0.029
adventurous,0.029
epitome,0.029
legitimate,-0.007
nazi,0.029
unbearable,-0.081
melodrama,0.029
fooled,-0.044
celebrated,0.001
safely,0.003
academy,0.01
get,0.001
rocks,0.029
sun,0.007
doubts,0.029
swim,0.029
joyous,0.029
deepest,0.029
hungry,-0.003
enduring,0.013
helpless,0.009
magnificently,0.029
commendable,0.003
lightly,0.012
spin,0.003
buys,0.007
standup,0.029
priest,-0.043
belly,-0.004
inept,-0.096
goodhearted,0.028
announced,0.0
marked,0.006
engage,-0.016
quotable,0.028
expresses,0.028
relentlessly,-0.006
convince,0.006
yeah,-0.047
understandably,0.007
psychiatrist,0.028
accepts,0.028
impress,-0.007
upbeat,0.028
representing,0.006
heartwrenching,0.028
gloomy,0.01
stretched,-0.04
stating,-0.009
adored,0.028
aesthetic,0.007
overtly,0.012
guarantee,-0.009
disappoint,0.028
generic,-0.059
assumes,0.012
immersed,0.028
entertains,0.028
confess,-0.004
betrayal,0.028
officially,0.004
prey,0.028
tongueincheek,0.006
army,-0.016
maid,0.009
proudly,0.01
wondrous,0.028
minds,0.003
psychic,-0.027
informed,-0.004
affair,-0.004
couch,-0.009
plotting,-0.007
drink,-0.035
identical,-0.016
hopeless,-0.009
andor,-0.024
sibling,0.028
achieving,0.028
radical,-0.016
unnoticed,0.028
passes,0.007
cope,0.028
wow,0.001
approach,0.009
relaxing,0.028
artists,0.028
dear,-0.046
kindly,0.004
swear,-0.056
superlative,0.028
minded,-0.022
fundamental,-0.003
travels,0.006
intact,-0.003
crush,0.028
intelligently,0.012
wrenching,0.028
hardcore,-0.003
increasing,0.028
knowledge,-0.001
curiously,0.001
abruptly,-0.015
garnered,0.009
cheated,-0.049
underwater,0.004
catchy,0.003
palpable,0.028
feeding,-0.003
devil,-0.006
elite,0.007
diving,0.028
orphan,0.028
extraordinarily,0.006
divorced,0.006
fatale,0.028
cowardly,0.028
diverse,0.028
tears,0.028
were,0.028
showdown,0.028
establishing,-0.007
sidekick,0.001
ashamed,-0.133
loser,-0.025
expressive,0.028
absorbed,0.009
manic,0.028
swinging,-0.003
intertwined,0.028
villainous,0.004
owned,-0.01
sung,0.028
ritual,-0.013
healing,0.028
maintain,-0.009
miscast,-0.08
kinds,0.004
earnest,-0.006
idealistic,0.006
finishing,0.0
he'd,-0.015
divided,0.028
standout,0.028
attacking,-0.013
extensive,0.0
crooked,0.012
handicapped,0.003
taut,0.028
reluctantly,0.007
overbearing,0.003
existing,0.006
retelling,0.006
sweetly,0.027
preserved,0.027
recreated,0.027
awakening,0.027
breathing,0.007
wellcrafted,0.027
installment,0.003
favourites,0.027
faded,0.001
exhilarating,0.027
playful,0.027
librarian,0.027
efficient,0.027
fairytale,0.027
flashback,0.006
condemned,0.007
informative,0.027
lasts,0.009
julian,0.009
perceive,0.027
crashing,-0.004
rapidly,-0.007
encouraged,0.004
pointing,-0.006
examples,0.0
hostile,0.01
foul,-0.006
spare,-0.016
subjected,-0.034
overlook,0.007
bullying,0.027
refer,-0.015
outright,-0.015
gained,-0.015
grounded,0.027
unanswered,-0.013
titular,0.003
sensible,-0.012
niece,0.027
strikingly,0.027
visits,0.027
terrorist,-0.015
own,0.009
destroys,-0.013
flashy,-0.004
colourful,0.027
arguing,-0.018
hole,-0.01
valid,0.001
guard,0.006
nailed,0.027
satisfy,0.006
characteristic,0.009
skilled,-0.004
introduces,0.027
produces,0.001
relates,0.027
stable,0.027
clue,-0.052
costuming,0.027
subdued,0.027
spine,0.027
street,0.004
societal,0.027
clichés,-0.038
clichéd,-0.035
treats,0.007
sentenced,0.027
exploitative,0.001
weekly,0.007
noteworthy,-0.004
perfected,0.027
exclusively,-0.012
practical,0.004
repeat,-0.009
cheerful,0.01
selected,-0.007
ongoing,0.003
user,-0.001
eponymous,0.027
polish,0.0
uneasy,0.009
appearance,-0.001
senior,0.003
reviewed,-0.013
surpasses,0.027
fox,0.027
unsuspecting,-0.022
audience's,0.006
stereotypes,-0.004
invite,0.004
exploited,-0.01
actionpacked,0.027
tragically,0.027
billed,-0.025
instrumental,0.027
formulaic,-0.015
cohesive,0.003
wartime,0.027
highlighted,0.027
dance,0.009
structured,0.027
glossy,0.027
referring,-0.013
gaining,0.027
lit,-0.029
underappreciated,0.027
visceral,0.027
honesty,0.027
brother's,0.027
deftly,0.027
acknowledged,0.027
gigantic,0.001
commenting,-0.012
bland,-0.062
unnamed,0.027
continuous,0.007
defeat,0.027
premiered,0.027
brazilian,0.009
unexplained,-0.021
illogical,-0.065
clown,-0.027
sweeping,0.027
explosive,-0.003
scores,0.009
affluent,0.027
owe,0.027
distributed,-0.001
stepmother,0.027
contrast,0.027
patriotic,0.027
unstable,-0.007
seconds,-0.053
expanded,0.006
kidding,-0.065
trusted,0.007
accustomed,0.025
entitled,-0.029
target,0.003
planet,-0.013
sheriff,-0.01
winds,-0.019
unlikable,-0.04
lighten,0.025
posed,0.025
sufficient,-0.001
participate,0.009
hears,0.001
nurse,-0.01
thanks,0.025
grave,-0.066
watches,0.007
perceived,0.025
divine,0.025
akin,-0.012
wandering,-0.041
ear,-0.01
parisian,0.025
distract,0.003
shower,-0.047
cheering,0.003
frenetic,0.025
slipped,0.009
they'd,-0.022
tasty,0.025
infected,-0.028
addressed,-0.006
expects,-0.019
climbing,0.003
hardworking,0.025
owning,0.025
absent,-0.024
prison,-0.003
coolest,0.025
artistically,0.009
chick,-0.027
feared,0.006
stern,0.025
thread,0.006
18th,0.025
stirring,0.025
confront,0.006
pursued,-0.01
rescued,-0.015
spot,0.001
priceless,0.006
enhance,0.025
screwball,0.025
orchestral,0.025
shorter,0.001
yearning,0.004
wisecracking,0.009
saga,0.007
hypnotic,0.009
stranger,0.025
flamboyant,0.025
pairing,0.001
fewer,0.003
realm,0.025
suck,-0.106
pompous,0.004
underneath,0.007
endlessly,-0.016
conveys,0.025
misguided,-0.024
define,0.006
fable,0.009
cost,0.007
undead,-0.012
lifelong,0.009
frank,0.025
budding,0.025
feminine,0.025
reese,0.025
grasp,0.006
rude,-0.013
grotesque,0.004
sumptuous,0.025
psychologically,0.025
viewer's,0.003
sang,0.025
portrait,0.025
sacrifice,0.025
enthralled,0.025
horrified,-0.007
guided,0.009
confirmed,0.004
aristocratic,0.025
examined,0.009
bottle,0.007
hideous,-0.078
questioning,0.001
drowning,0.006
unconvincing,-0.146
exploding,-0.006
mountains,0.025
luminous,0.025
choosing,-0.012
incidentally,0.009
near,-0.018
cinematographic,0.007
evokes,0.025
distracted,-0.01
fulfilled,0.025
depend,0.007
bend,0.025
favour,-0.018
maintaining,0.025
veteran,-0.003
committing,-0.007
offbeat,0.025
guide,0.004
mixing,-0.003
relatives,0.025
ripped,-0.094
ridiculously,-0.082
inserted,-0.006
robot,0.004
astonishingly,0.009
hometown,0.025
irrational,0.009
psychedelic,0.004
colored,0.0
shady,0.025
trashy,-0.04
westerns,0.003
criticize,0.0
northern,0.025
treating,0.025
recurring,0.007
creep,0.007
ample,-0.007
incidental,0.006
ruining,-0.004
bus,0.0
rocky,0.024
timely,0.024
wrongly,0.003
electronic,0.003
relationships,0.007
emerge,0.024
honorable,0.007
extent,-0.007
interestingly,0.024
reportedly,0.007
predictably,-0.018
sour,0.0
refreshingly,0.024
needless,-0.028
freaky,-0.006
survives,-0.012
redeeming,-0.25
conclude,-0.016
ostensibly,-0.004
preaching,-0.001
disjointed,-0.065
league,0.024
neutral,0.024
inexperienced,-0.001
permanent,0.004
misleading,-0.031
tie,-0.012
releases,-0.001
odds,0.024
recovering,0.024
its',0.024
irrelevant,-0.04
likewise,0.024
testament,0.024
reviewing,-0.015
crushed,-0.009
culminating,0.024
rejects,0.0
astonished,0.007
understatement,0.001
cave,-0.021
derived,0.0
labeled,0.001
guns,-0.013
avoiding,-0.004
awfully,-0.052
poking,0.024
dances,0.024
hindsight,0.024
basement,-0.001
satisfactory,0.024
bread,0.024
adopt,0.024
lifts,0.024
renewed,0.024
mobile,0.0
gold,-0.001
mundane,-0.012
responds,0.024
else's,0.0
unattractive,-0.025
darkly,0.024
pressed,-0.007
sorely,-0.025
quotes,0.001
tender,0.024
mess,-0.054
fulfilling,0.024
sardonic,0.024
empathy,-0.027
tacky,-0.034
collecting,0.006
air,-0.003
amiable,0.024
somber,0.024
stubborn,0.024
justify,-0.009
stalking,-0.012
confronting,0.024
dread,0.024
birth,0.006
sassy,0.024
net,0.004
agent,-0.001
oppressive,0.006
animation,0.024
intend,0.003
evidently,-0.028
guardian,0.007
prize,0.004
subtext,0.024
counts,0.024
monumental,0.024
nifty,0.024
airing,0.004
magician,0.024
likeable,-0.006
intends,0.024
twenty,-0.015
formidable,0.024
lens,0.004
ripping,-0.019
ex,0.003
forgetting,-0.003
beg,-0.001
integrated,0.024
glaring,0.0
thumbs,0.024
navy,0.024
outrageously,0.001
protecting,0.007
washed,-0.012
imposing,0.024
other's,0.0
fi,0.006
imprisoned,0.001
distinguished,0.007
record,0.007
undeniable,0.024
stroke,0.007
traveled,0.006
destructive,0.004
muted,0.006
cult,-0.007
ensuing,0.024
sporting,-0.003
reminding,0.006
crashed,-0.006
deleted,-0.021
incorporated,0.024
tempted,-0.028
teeth,-0.021
favor,-0.041
unavailable,0.024
illustrated,0.024
hurts,-0.027
overblown,0.004
neglect,0.024
randomly,-0.057
obligatory,-0.009
virtual,-0.021
engrossed,0.024
smoothly,0.024
fateful,0.024
terrifically,0.024
traumatic,-0.003
uncertain,0.024
blatant,-0.038
puppy,-0.006
stale,-0.025
robotic,-0.003
blinded,0.007
complement,0.024
spelled,-0.001
foolish,-0.012
denying,0.006
weaknesses,0.024
distinctly,0.006
financially,0.024
wishes,0.0
concentrates,0.024
scares,-0.024
retrieve,0.001
smuggling,0.022
swearing,-0.013
spotted,0.0
grace,0.022
raunchy,0.022
exploit,-0.006
mighty,0.022
representative,0.022
performs,0.022
study,-0.01
spread,0.001
toned,0.0
infinitely,-0.006
plagued,-0.001
quibble,0.022
hokey,-0.006
stumble,-0.013
woven,0.022
documented,0.022
smallest,0.022
underused,0.003
welldone,0.022
sucks,-0.127
captive,-0.003
altered,-0.007
testing,0.0
frozen,-0.01
taste,-0.001
offend,0.006
suave,0.004
atrocious,-0.172
competing,0.022
boyish,0.022
amidst,0.022
emerged,0.022
whereas,0.0
dub,0.006
interviewed,-0.013
mexican,-0.007
apt,-0.004
crowded,0.0
subway,0.022
latin,0.022
gags,-0.013
pale,-0.006
ultra,-0.015
shoots,0.003
blatantly,-0.041
avid,-0.001
moments,0.003
concentrate,0.0
talks,0.022
projected,0.022
topped,0.003
experiences,0.003
blank,-0.04
heartily,0.022
rebel,0.022
sparkling,0.022
desires,0.022
irony,0.006
slapped,-0.013
grandmother,0.022
investigate,-0.032
concludes,0.022
plots,0.001
dreary,-0.052
romance,0.004
flair,0.022
promote,-0.009
fixed,0.003
angle,0.001
moviemaking,0.0
dozens,0.0
feelgood,0.022
competitive,0.022
thousand,0.0
detached,-0.004
alluring,0.022
danger,-0.01
strikes,0.022
intrigue,0.001
introducing,-0.007
quit,-0.009
idiot,-0.049
ward,0.022
dont,-0.013
credits,-0.018
alright,-0.078
subtitled,0.003
here's,-0.035
damned,-0.022
existential,0.004
exquisitely,0.022
hesitate,0.022
progressively,0.004
scream,-0.025
unlucky,0.003
paired,-0.003
lurking,-0.007
dripped,0.022
lousy,-0.183
who've,0.022
ably,0.022
knock,0.0
villains,-0.004
sword,0.022
shaking,-0.025
immigrant,0.022
could've,-0.038
landscapes,0.004
wrap,0.004
metaphysical,0.022
concentrated,-0.004
flash,-0.016
adolescent,0.003
preposterous,-0.049
grainy,-0.018
pro,0.003
root,-0.003
continuously,-0.003
exceedingly,0.003
judge,0.004
unconscious,0.001
marvel,0.022
anguish,0.022
transferred,0.003
revolving,0.001
hat,0.006
insanely,0.001
managing,0.0
murderer,0.022
props,-0.009
macho,0.003
defy,0.004
violently,-0.006
link,0.003
upside,-0.003
unfolded,0.022
planted,0.006
formal,0.022
trivial,-0.015
classified,0.0
does,0.003
hires,0.022
spoiling,0.022
rightfully,0.022
prevent,-0.016
useless,-0.078
macabre,0.022
impressively,0.022
factual,-0.012
athletic,0.022
senses,0.022
alternate,-0.006
willingly,0.001
illustrates,0.022
crap,-0.108
explicitly,0.022
blending,0.022
grisly,-0.003
thematic,0.022
needing,-0.004
romanticized,0.022
diary,0.022
cartoonish,-0.031
lethal,0.022
addressing,0.003
reality,0.022
drastically,-0.003
gangster,0.004
incestuous,-0.012
raging,-0.001
robbing,0.001
consequently,0.0
lightweight,0.022
it'll,-0.004
buffalo,0.022
biblical,0.001
countryside,0.022
spreading,0.022
climb,0.022
pal,0.001
whining,-0.021
doing,0.021
internal,-0.013
decorated,0.021
scale,-0.009
seamlessly,0.021
someone's,-0.019
arise,0.021
thats,-0.021
underbelly,0.021
gray,-0.016
cup,0.003
rampant,0.0
cartoon,-0.009
neighborhood,0.0
shockingly,-0.021
freak,-0.019
enlisted,0.021
interpret,0.004
inspire,0.003
dumped,-0.018
rule,0.021
unemployed,-0.003
nod,-0.004
dominates,0.021
ghost,-0.006
popping,-0.015
historian,0.021
timed,0.004
shrink,0.021
feminist,0.0
reversed,0.004
flawlessly,0.021
mandatory,0.021
beats,-0.004
formerly,0.021
sink,-0.013
evocative,0.021
bloodshed,0.0
comprised,0.001
cursed,-0.004
shouting,-0.037
triumph,0.021
tire,0.021
bonding,0.021
ruins,-0.004
shorts,0.021
god,-0.062
truthful,0.001
alternately,0.001
treasured,0.021
applauded,0.021
inherited,0.004
weaker,-0.003
marriage,0.021
cell,-0.001
external,0.021
affects,0.021
emphasize,0.021
waking,-0.006
adapting,0.003
battles,0.001
darkness,0.004
slice,0.021
harmless,-0.006
nails,0.021
coping,0.021
spawned,0.021
designs,0.021
test,0.003
cleaning,0.0
feed,-0.012
crazed,-0.037
welldeveloped,0.021
=,0.021
chess,0.021
lightning,0.001
entranced,0.021
admits,0.021
enlightened,0.003
prolific,0.021
trail,0.021
relish,0.021
preferably,-0.003
ladder,0.021
knocking,0.0
renowned,0.021
fictitious,0.021
rocked,0.021
lackluster,-0.044
bombastic,0.021
maniacal,0.003
cake,-0.007
team,-0.012
choppy,-0.041
respond,0.021
solitary,0.021
awry,-0.007
digging,0.004
wiped,-0.01
devastated,0.021
foster,0.021
hopelessly,-0.05
investigates,0.021
burn,-0.032
addictive,0.021
indicate,-0.015
luscious,0.021
devilish,0.021
panic,0.001
burst,-0.006
newcomer,0.021
jolly,0.004
unbelievably,-0.09
dangerously,0.021
courage,0.021
planet's,0.021
advise,-0.035
recycled,-0.04
amoral,0.003
everybody,0.0
launched,-0.007
exhausted,0.021
packs,0.021
bewildered,0.021
eagle,0.021
insist,-0.012
uniform,0.004
color,0.021
federal,0.021
revive,0.0
wives,0.021
insulting,-0.108
showcase,0.003
hardest,0.021
worrying,0.0
mask,-0.012
welcomed,0.021
devoid,-0.053
immoral,0.021
crown,0.021
fool,-0.01
topic,0.021
civilized,0.021
conveying,0.0
releasing,-0.013
screams,-0.007
require,-0.012
blends,0.021
fog,0.021
tour,-0.001
traumatized,0.001
posing,-0.015
witch,0.021
gathering,0.021
operatic,0.021
handy,0.021
heavyhanded,-0.034
overlong,-0.034
lays,0.021
tangled,0.021
,0.021
sharply,0.021
tasteful,0.021
allegorical,0.021
humiliated,0.021
thirty,-0.01
grandfather,0.021
dominate,0.021
abstract,0.021
strengths,0.021
unsatisfying,-0.024
adrian,0.021
incorrect,-0.016
advertised,-0.029
con,0.021
restricted,0.021
opposing,0.021
albeit,0.021
puzzled,0.001
incident,0.004
risky,0.021
lingering,0.001
skillfully,0.021
lunatic,-0.013
dress,0.004
exception,0.0
summed,-0.013
subversive,0.021
center,0.021
extravagant,0.021
mannerisms,0.021
crossed,-0.015
stereotype,-0.001
thereby,-0.01
universally,0.004
moderately,0.001
gal,0.021
craving,0.021
visionary,0.021
resourceful,0.021
ruthless,0.021
uncompromising,0.021
stepped,0.021
celebrating,0.021
dramatically,-0.013
outcome,0.001
prophetic,0.021
temple,0.021
grossly,-0.004
fatally,0.021
norm,0.021
lean,0.004
miraculous,0.021
rational,-0.019
robust,0.019
steamy,0.019
questioned,0.019
verbally,0.019
idiotic,-0.119
monstrous,-0.004
enthusiastically,0.019
smashed,0.019
employs,0.019
path,0.019
enthusiasm,0.019
unfaithful,0.019
compares,0.019
demonic,-0.029
sport,0.019
child's,0.019
assure,0.001
contend,0.019
downward,0.003
spectacularly,0.0
geared,0.019
defining,0.003
poverty,0.019
pornographic,-0.007
mercilessly,0.0
switched,-0.022
rightful,0.019
bouncing,0.003
click,0.019
compromised,0.019
wistful,0.019
elusive,0.019
goodlooking,-0.022
scheme,0.019
tackled,0.019
rooted,0.001
stimulating,0.003
creatively,0.019
wakes,0.001
carnal,0.019
flashing,-0.007
rave,-0.034
restaurant,0.019
oblivious,-0.01
fare,-0.003
stylistic,0.019
forms,0.019
chases,-0.01
quoting,0.019
sheep,0.019
pops,-0.016
ass,0.001
stumbling,0.0
stylistically,0.019
fulfill,0.019
dizzying,0.019
switching,-0.012
devious,0.003
exposing,0.001
flipping,0.019
popped,-0.019
smalltown,0.019
dared,0.019
belonged,0.019
weary,-0.001
abroad,-0.001
daytime,0.001
trademark,0.019
bombed,0.003
casually,-0.004
internet,-0.003
topnotch,0.019
brains,-0.004
bent,0.019
contrasted,0.019
romp,0.019
carefree,0.019
electrifying,0.019
awarded,-0.003
marks,0.019
crisp,0.019
perpetually,0.019
dresses,0.001
story's,0.019
mourning,0.019
briefly,-0.007
speed,0.019
protective,0.019
laced,0.001
sub,-0.01
assuming,-0.038
recalls,0.019
tested,-0.003
climatic,0.019
teaches,0.019
ailing,0.019
competently,0.003
ignorant,-0.056
grabs,0.0
seedy,0.019
balancing,0.019
varying,0.001
hunted,-0.01
dreaded,0.019
disappointment,-0.041
appalling,-0.1
rigid,0.0
publish,0.019
socially,-0.009
vampire,-0.015
steadily,0.019
stepping,0.019
battling,0.001
spree,-0.001
stalked,-0.018
noting,-0.009
assorted,0.019
slim,-0.006
rediscovered,0.019
distraught,0.019
dramas,0.019
update,-0.001
uncommon,0.019
blames,0.003
hint,-0.007
pack,0.019
suspended,0.003
person's,0.019
year's,0.0
earning,0.019
shop,0.019
washing,0.019
sequels,0.019
dentist,0.019
territory,0.019
fright,-0.001
idyllic,0.019
imitating,0.001
teens,-0.012
midnight,0.019
belief,-0.012
meantime,0.019
daughter's,0.003
aid,0.019
prestigious,0.019
unwittingly,0.003
comprehensive,0.019
fishing,-0.004
hurting,-0.001
associate,0.019
gathered,-0.01
incomprehensible,-0.057
dreaming,0.0
transcend,0.019
command,0.019
kung,0.019
pointless,-0.206
astute,0.019
comparison,-0.01
pole,0.019
remotely,-0.18
waitress,0.019
filmmaker,0.0
realises,0.0
butt,0.019
intentional,-0.021
supports,0.019
respectful,0.019
jarring,-0.019
indifferent,-0.006
spoilers,-0.009
mesmerized,0.019
plotted,-0.001
attacks,0.019
exuberant,0.019
vocabulary,0.019
involvement,-0.001
the,0.019
none,-0.049
detailing,0.019
smiles,0.019
overhead,0.019
incapable,-0.022
ensures,0.019
spellbinding,0.019
democratic,0.019
fierce,0.019
synchronized,0.019
theory,-0.004
funky,0.019
unquestionably,0.019
alas,-0.021
unstoppable,0.019
speech,-0.021
cuts,-0.013
towards,-0.001
underwear,-0.022
muddled,-0.057
alienated,0.019
womanizing,0.019
rear,-0.001
magically,-0.012
struggled,0.019
natured,0.019
kidnapping,-0.015
friend's,-0.006
refusing,0.019
prevented,0.0
project,-0.007
rides,0.019
characterized,0.019
cabin,-0.01
advancing,0.019
censored,0.019
eldest,0.019
grief,0.019
rock,-0.001
taboo,0.003
underworld,0.019
biting,-0.006
retain,0.019
lowest,-0.054
relies,-0.015
wry,0.019
encourages,0.019
actors,-0.004
la,-0.007
awardwinning,0.019
fifth,-0.006
illness,0.018
celluloid,-0.012
broader,0.018
aliens,-0.013
reckless,-0.001
newest,0.018
settling,0.018
casted,0.018
poisoned,0.018
noirish,0.018
pan,0.018
addresses,0.018
overnight,0.018
caliber,-0.004
sorrow,0.018
bang,-0.009
surface,0.001
blended,0.018
comfortably,0.018
nonsensical,-0.065
triple,0.018
ravishing,-0.001
observe,0.018
dental,0.018
pool,0.018
et,0.018
singular,0.018
flicks,-0.016
wasting,-0.116
streets,0.018
deceptively,0.018
lovers,0.018
vengeful,0.0
kid's,-0.01
sticking,-0.028
staggering,0.018
dismal,-0.031
robbed,-0.009
snappy,0.001
dearly,0.018
persistent,0.018
originated,0.018
album,0.018
naturalistic,0.018
improves,0.018
calculating,0.018
sleeps,0.018
dreamed,0.018
measured,0.018
rounds,0.018
resembling,-0.015
maximum,-0.006
token,-0.032
body,-0.013
largest,-0.007
televised,0.018
rescue,-0.024
gladly,0.001
relentless,0.018
numb,0.018
jungle,0.018
dimwitted,-0.001
homicidal,0.018
brisk,0.018
printed,0.018
antiwar,0.018
nighttime,0.018
denial,0.018
ideas,-0.007
retains,0.018
crushing,0.018
darker,0.018
family,0.018
departed,0.018
unjustly,0.018
exposes,0.018
danced,0.018
advantage,0.018
deliberate,0.018
river,0.018
candle,0.018
invested,-0.022
messy,-0.015
acid,-0.009
hybrid,-0.015
toys,-0.01
reflective,0.018
approaches,0.018
fleeting,-0.001
terror,0.018
alienate,0.018
chaotic,-0.012
exclusive,0.018
purse,0.018
email,0.018
callous,0.018
impeccably,0.018
believably,0.018
listens,0.018
feisty,0.018
awake,-0.043
belt,0.0
contrasting,0.018
insignificant,0.001
rambling,-0.018
stranded,-0.029
incomparable,0.018
spinal,0.001
spoiler,-0.024
smitten,0.001
embarks,0.018
critically,0.018
unrated,0.001
tag,0.001
solidly,0.018
speechless,0.018
blurred,-0.001
unsuccessful,0.018
perceptive,0.018
angst,0.018
invariably,0.0
retained,0.018
compellingly,0.018
twelve,0.001
reflecting,0.018
skip,-0.066
heightened,0.018
suggestive,0.0
acknowledge,-0.007
interacting,0.018
pouring,0.018
chemistry,-0.013
folklore,0.018
roommates,0.018
listened,-0.016
adapt,0.018
underestimated,0.018
winner,0.018
shifting,0.018
differ,0.018
recite,0.018
transcends,0.018
category,-0.01
complains,0.018
depict,0.018
comprehend,0.018
weaves,0.018
upbringing,0.0
seduce,0.001
she'd,0.001
rushing,0.018
succeeding,0.018
shunned,0.018
creepiest,0.018
masked,-0.003
pen,-0.004
unhinged,-0.009
hysterically,-0.019
neither,-0.004
warped,-0.001
contribute,-0.016
secluded,-0.004
technological,0.001
mile,-0.012
empathize,0.018
chuckle,-0.001
vile,0.0
strangest,0.018
elevated,0.018
hire,-0.012
protagonists,0.018
unflinching,0.018
delve,0.018
gear,-0.012
spiral,-0.001
unspoken,0.018
bomb,-0.006
peace,0.018
placing,-0.006
wielding,-0.004
fearing,0.018
panned,0.018
landmark,0.018
await,0.018
row,0.018
promptly,-0.043
ignoring,-0.022
dismissed,0.018
skinny,-0.007
ranch,0.018
tune,-0.003
birthday,0.001
repulsive,-0.022
unorthodox,0.018
beach,0.018
hateful,-0.018
swallow,-0.016
qualify,-0.01
rape,-0.015
rainy,-0.004
chest,-0.027
surpassed,0.018
wary,0.018
delirious,0.018
dominant,0.018
singer,0.018
efficiently,0.018
roots,0.018
nonprofessional,0.018
storm,0.018
wouldbe,-0.007
presidential,0.018
origin,0.018
post,-0.006
charisma,-0.018
fading,0.018
motive,-0.006
hyped,-0.027
suppressed,0.018
harm,-0.004
matured,0.018
drafted,0.018
shortened,0.018
declared,-0.006
mob,0.0
amusingly,0.018
exceeded,0.018
inexplicably,-0.056
boy's,0.018
vote,-0.003
wanna,-0.046
pilot,0.018
freaking,-0.018
values,-0.018
tip,0.018
no,-0.031
fetched,-0.001
linear,-0.01
declares,0.018
faithfully,0.018
supportive,-0.001
doctor,0.001
situated,0.018
possesses,-0.007
satiric,0.018
fetish,-0.01
sacred,0.018
poem,0.018
locate,0.018
favored,0.018
host,0.018
bias,0.018
challenges,0.018
page,0.018
proverbial,-0.01
intellectually,-0.01
twisty,0.018
photographer,-0.003
ghastly,-0.012
conniving,0.0
mechanic,0.018
gratifying,0.018
beside,0.018
tribal,0.018
purple,0.018
–,0.018
silently,0.016
warden,0.016
coarse,0.016
coherent,-0.019
solved,-0.016
enjoyably,0.016
tossed,-0.043
partying,0.016
economical,0.016
rotten,-0.05
trivia,0.016
sailing,0.016
thereafter,-0.003
fleeing,0.016
stirred,0.016
distressed,0.016
senseless,-0.025
slip,0.016
dares,0.016
wrought,0.016
freaked,-0.006
snatched,0.016
forty,-0.015
punished,-0.001
greedy,-0.003
fest,-0.041
mythological,0.016
excuse,-0.075
embrace,0.016
we'd,-0.004
puzzling,0.0
smell,0.016
has,0.016
icon,0.016
clash,0.016
nonlinear,0.016
marital,-0.001
jean,0.016
gleefully,0.016
points,0.016
exhibited,0.016
naming,0.016
ranked,-0.001
roof,0.016
indirectly,0.016
breathtakingly,0.016
characterdriven,0.016
unrelenting,0.016
policeman,0.016
classify,0.016
distorted,-0.016
counted,-0.007
perverted,-0.018
chronicles,0.016
evolve,0.016
east,-0.001
demon,-0.021
disappearing,-0.009
trilogy,0.016
frantically,0.016
perplexed,0.016
waste,-0.224
overdone,-0.025
soulful,0.016
deaf,-0.003
slows,0.016
adequately,-0.006
household,0.016
sleaze,0.0
utilized,-0.001
descends,0.016
woke,-0.006
resorting,0.016
executing,0.016
fluffy,0.016
skillful,0.016
answering,-0.006
videos,-0.003
graduated,0.016
places,0.016
shaken,0.016
nuts,0.0
been,0.016
eats,0.016
resolve,-0.009
echoes,0.016
fantastical,0.016
delves,0.016
sister's,0.016
literate,0.016
widow,0.016
worldly,0.016
alcohol,0.016
wickedly,0.016
participating,-0.003
scattered,-0.015
despise,0.016
supplied,0.016
notwithstanding,-0.001
autobiographical,0.016
arresting,0.016
stoic,0.016
evoke,-0.007
experiment,-0.012
sliding,0.016
shift,0.016
address,-0.001
blackandwhite,0.016
travesty,-0.028
raving,-0.006
spending,-0.022
wastes,-0.006
proceed,-0.009
intimidating,0.016
interwoven,0.016
toy,-0.003
rip,-0.031
tiresome,-0.053
austere,0.016
origins,0.016
busted,0.016
remove,-0.024
cramped,0.016
modernday,0.016
indelible,0.016
inhabit,0.016
liberated,0.016
outdoor,0.016
inimitable,0.016
undercurrent,0.016
permanently,-0.001
resist,-0.012
approximately,-0.012
selfcentered,-0.013
drowned,-0.024
townspeople,0.016
inspiration,0.016
wax,0.016
son's,-0.001
des,0.016
pervasive,0.016
longsuffering,0.016
exudes,0.016
elevates,0.016
anyone,0.016
saddest,-0.001
sensitively,0.016
conclusion,0.016
infatuated,0.016
lol,0.016
redeem,-0.034
termed,0.016
invading,0.016
ray,0.016
softcore,-0.013
acquainted,0.016
junior,-0.013
narration,0.016
chopped,-0.028
heads,-0.001
drumming,0.016
aptly,0.0
pity,-0.003
improvised,-0.006
escalating,0.016
apocalyptic,0.016
clumsy,-0.059
relive,0.016
pride,0.016
sexiest,0.016
puzzle,0.016
stalwart,0.016
trafficking,0.016
intent,-0.009
offspring,0.016
martian,-0.006
enhances,0.016
kitchen,-0.006
rush,0.0
abandon,0.016
mannered,0.016
account,0.016
illfated,0.016
medium,0.016
tricky,0.016
comparatively,0.016
criticizing,0.0
ladies,0.016
amount,-0.006
emotion,0.016
impoverished,0.016
observing,0.016
prostitute,0.0
volatile,0.016
treacherous,0.016
imagining,-0.003
exiled,0.016
fever,0.016
presume,-0.009
neverending,0.016
saturated,0.0
reported,-0.012
sober,0.016
snap,0.016
shattered,0.016
society,0.016
respects,0.016
bisexual,0.016
rap,0.016
domineering,0.016
moderate,0.016
wee,0.016
underdog,0.016
cheek,0.016
dust,-0.004
legends,0.016
supreme,0.016
cherish,0.016
hottest,0.016
blessing,0.016
concluded,-0.001
loveable,0.016
recreating,0.016
proposes,0.016
perilous,0.016
restore,0.016
riveted,0.016
span,0.0
performer,-0.001
disbelief,-0.001
endure,-0.009
aerial,0.016
biological,0.0
relegated,0.016
heterosexual,0.016
showcases,0.016
looming,0.016
screamed,-0.003
simplest,0.016
conveniently,-0.031
firm,0.016
pushes,0.016
dreamy,-0.001
nearest,-0.015
potent,0.016
wellmeaning,0.016
border,0.016
fanatical,0.016
oriented,0.016
commit,-0.013
polite,-0.003
medieval,-0.001
staging,-0.009
duo,0.016
conquest,0.016
partial,-0.003
eighties,0.016
melt,0.016
happier,0.016
darkest,0.016
evolves,0.016
mercy,0.0
achingly,0.016
prevalent,0.016
cook,0.016
eastern,-0.003
slaughtered,-0.016
frontal,-0.006
wound,0.016
upsetting,-0.003
delayed,0.016
fiancée,0.016
recognizes,0.016
marching,0.016
nerdy,-0.007
sniper,0.016
scandalous,0.016
scaring,-0.004
compulsive,0.016
lastly,0.0
targeted,-0.006
dependent,0.016
fearful,0.016
catches,0.016
recommending,0.016
annual,0.016
derivative,-0.029
stuffed,-0.015
occurring,0.0
handing,0.016
ordeal,0.0
sinking,-0.007
eerily,0.016
radioactive,0.016
hypnotized,0.016
yearold,-0.007
counter,0.016
pressing,0.016
dazzled,0.016
shamelessly,-0.012
psycho,-0.031
ghetto,0.016
unfunny,-4.0
nonexistent,-1.989
unwatchable,-1.899
miserably,-1.765
uninspired,-1.676
horrid,-1.542
incoherent,-1.497
unintentional,-1.497
unoriginal,-1.385
laughably,-1.296
abysmal,-1.207
pile,-1.14
wretched,-1.095
insipid,-1.095
insult,-1.073
moronic,-1.05
unlikeable,-1.05
dire,-1.006
pitiful,-0.983
excruciatingly,-0.961
unimaginative,-0.961
shoddy,-0.939
bible,-0.939
costs,-0.894
inappropriate,-0.894
downhill,-0.872
flop,-0.872
embarrassingly,-0.872
hackneyed,-0.849
nudity,-0.849
plastic,-0.827
topless,-0.804
unnatural,-0.804
inaccurate,-0.804
naughty,-0.782
phony,-0.782
cliched,-0.782
stereotyped,-0.76
plus,-0.76
aiming,-0.76
stabbed,-0.76
pedestrian,-0.737
cardboard,-0.737
worthless,-0.737
severed,-0.715
alleged,-0.715
shred,-0.715
dude,-0.715
meandering,-0.715
sickening,-0.715
we'll,-0.715
nauseating,-0.715
godawful,-0.715
turkey,-0.715
feeble,-0.715
underdeveloped,-0.693
bitten,-0.693
excruciating,-0.693
tolerable,-0.693
inane,-0.693
unappealing,-0.693
camping,-0.693
whiny,-0.67
hollow,-0.67
dumbest,-0.67
dragging,-0.648
unnecessarily,-0.648
incompetent,-0.648
wannabe,-0.648
screw,-0.648
everything,-0.648
nerd,-0.626
unsympathetic,-0.626
scripting,-0.626
flimsy,-0.626
cheaper,-0.603
monotonous,-0.603
revolting,-0.603
consist,-0.603
spit,-0.603
stoned,-0.603
bite,-0.603
plodding,-0.603
cringing,-0.603
torture,-0.603
stomach,-0.603
stabbing,-0.603
stinks,-0.581
populated,-0.581
mysteriously,-0.581
juvenile,-0.581
dreadfully,-0.581
uninspiring,-0.581
irritated,-0.581
mutant,-0.581
drivel,-0.581
vapid,-0.581
discernible,-0.559
vampires,-0.559
werewolf,-0.559
undeveloped,-0.559
needlessly,-0.559
am,-0.559
subpar,-0.559
attract,-0.559
darn,-0.559
wander,-0.559
sebastian,-0.559
prolonged,-0.536
sean,-0.536
miraculously,-0.536
holes,-0.536
zombies,-0.536
padded,-0.536
appalled,-0.536
van,-0.536
inconsistent,-0.536
redundant,-0.536
cannibal,-0.536
interspersed,-0.536
shameful,-0.536
blah,-0.536
slap,-0.536
embarrassment,-0.514
noise,-0.514
arm,-0.514
padding,-0.514
tasteless,-0.514
allegedly,-0.514
shoved,-0.514
scientist,-0.514
genetic,-0.514
mutated,-0.514
misfortune,-0.514
gag,-0.514
untalented,-0.514
bearable,-0.514
artsy,-0.514
predicted,-0.492
messing,-0.492
steaming,-0.492
mercifully,-0.492
sucking,-0.492
soap,-0.492
reasoning,-0.492
whale,-0.492
replacing,-0.492
automatic,-0.469
slept,-0.469
skipping,-0.469
drugged,-0.469
werewolves,-0.469
strained,-0.469
woefully,-0.469
telegraphed,-0.469
twin,-0.469
vacuous,-0.469
snake,-0.469
annoyingly,-0.469
botched,-0.469
spinning,-0.469
rotting,-0.469
bashing,-0.469
outer,-0.469
stupidest,-0.469
suffers,-0.447
fastforward,-0.447
overused,-0.447
clumsily,-0.447
appallingly,-0.447
selfconscious,-0.447
misplaced,-0.447
insert,-0.447
joking,-0.447
monkey,-0.447
imply,-0.447
butchered,-0.447
actors',-0.447
egyptian,-0.447
franchise,-0.447
torturing,-0.447
diehard,-0.447
unimpressive,-0.447
hideously,-0.447
mummy,-0.447
overacted,-0.447
tricked,-0.447
agreeing,-0.447
overwrought,-0.447
programming,-0.447
lifeless,-0.447
decapitated,-0.447
throat,-0.447
offscreen,-0.447
drop,-0.447
interminable,-0.447
bothering,-0.447
catholic,-0.447
summarize,-0.447
arty,-0.447
superfluous,-0.425
prepare,-0.425
practicing,-0.425
church,-0.425
academic,-0.425
disgruntled,-0.425
shiny,-0.425
motivated,-0.425
paint,-0.425
screenwriter,-0.425
spark,-0.425
significantly,-0.425
grating,-0.425
squandered,-0.425
dinosaur,-0.425
women's,-0.425
onesided,-0.425
leg,-0.425
insulted,-0.425
abominable,-0.425
lured,-0.425
arbitrary,-0.425
switch,-0.425
narcissistic,-0.425
consisted,-0.425
load,-0.425
inhabited,-0.425
disconnected,-0.425
garbage,-0.425
could,-0.425
wrestling,-0.425
meaningless,-0.425
shopping,-0.425
dreck,-0.425
letdown,-0.425
sums,-0.425
deformed,-0.425
turgid,-0.402
actor's,-0.402
refuse,-0.402
praying,-0.402
awkwardly,-0.402
putrid,-0.402
acquire,-0.402
unleashed,-0.402
curse,-0.402
kidnap,-0.402
tripe,-0.402
voiceover,-0.402
grab,-0.402
haired,-0.402
tacked,-0.402
clad,-0.402
qualified,-0.402
pose,-0.402
sophomoric,-0.402
ninja,-0.402
unclear,-0.402
selfindulgent,-0.402
seduced,-0.402
illconceived,-0.402
boredom,-0.402
endured,-0.402
relied,-0.402
incest,-0.402
raping,-0.402
unforgivable,-0.402
fist,-0.402
hook,-0.402
spitting,-0.402
stereotyping,-0.402
it's,-0.402
condescending,-0.402
unexciting,-0.402
karate,-0.402
behaving,-0.38
clueless,-0.38
inducing,-0.38
cringed,-0.38
parking,-0.38
risk,-0.38
vulgar,-0.38
stress,-0.38
thrills,-0.38
pointlessly,-0.38
digress,-0.38
overacts,-0.38
redeemed,-0.38
scratching,-0.38
operating,-0.38
reject,-0.38
disrespectful,-0.38
indicates,-0.38
rendering,-0.38
stone,-0.38
proof,-0.38
promoting,-0.38
strip,-0.38
she'll,-0.38
loudly,-0.38
apologize,-0.38
shark,-0.38
serbian,-0.38
pray,-0.38
aimlessly,-0.38
overweight,-0.38
uneventful,-0.38
hill,-0.38
organic,-0.38
ripoff,-0.38
stupidly,-0.38
scarecrow,-0.38
chewing,-0.38
fencing,-0.38
screwing,-0.38
canned,-0.38
proceeded,-0.358
baffled,-0.358
that's,-0.358
ineffective,-0.358
attributed,-0.358
overboard,-0.358
erratic,-0.358
prequel,-0.358
bin,-0.358
resurrected,-0.358
madefortv,-0.358
sprinkled,-0.358
rewrite,-0.358
clunky,-0.358
square,-0.358
halfbaked,-0.358
crawling,-0.358
pitched,-0.358
satanic,-0.358
whacked,-0.358
saddled,-0.358
uneducated,-0.358
cameras,-0.358
heap,-0.358
setup,-0.358
dinosaurs,-0.358
murky,-0.358
soso,-0.358
neck,-0.358
wandered,-0.358
degrading,-0.358
translate,-0.358
locale,-0.358
suspiciously,-0.358
jumbled,-0.358
folks,-0.358
dumber,-0.358
paranoid,-0.358
guy's,-0.358
maniac,-0.358
misogynistic,-0.358
outfit,-0.358
compensate,-0.358
hammy,-0.358
spliced,-0.358
holy,-0.358
chicken,-0.358
postmodern,-0.358
unborn,-0.358
unbearably,-0.358
propaganda,-0.358
irresponsible,-0.358
counting,-0.358
forgivable,-0.358
bare,-0.358
masquerading,-0.358
sooner,-0.358
glorified,-0.358
filler,-0.358
strapped,-0.335
bleed,-0.335
sore,-0.335
advance,-0.335
connecting,-0.335
bits,-0.335
unfinished,-0.335
voodoo,-0.335
spelling,-0.335
sleepwalking,-0.335
rips,-0.335
axe,-0.335
unengaging,-0.335
toilet,-0.335
numbing,-0.335
stink,-0.335
drab,-0.335
annoys,-0.335
fades,-0.335
anal,-0.335
marginally,-0.335
must've,-0.335
ignores,-0.335
ringing,-0.335
trendy,-0.335
pink,-0.335
explanation,-0.335
pasted,-0.335
eliminated,-0.335
threaten,-0.335
lab,-0.335
borrows,-0.335
issue,-0.335
auditioning,-0.335
noticing,-0.335
unremarkable,-0.335
woeful,-0.335
presumed,-0.335
um,-0.335
thing,-0.335
norwegian,-0.335
recover,-0.335
tepid,-0.335
facts,-0.335
science,-0.335
untrue,-0.335
bigoted,-0.335
slowmoving,-0.335
closet,-0.335
disgust,-0.335
promotional,-0.335
lowered,-0.335
attic,-0.335
sequence,-0.335
marred,-0.335
ludicrously,-0.335
employ,-0.335
mindnumbing,-0.335
copious,-0.335
impaled,-0.335
sea,-0.335
lamest,-0.335
stretching,-0.335
parody,-0.335
bubble,-0.335
meanspirited,-0.335
mocking,-0.335
hides,-0.335
ya,-0.335
dive,-0.335
shameless,-0.335
hating,-0.335
echo,-0.335
advertising,-0.335
resembled,-0.335
holiday,-0.335
financed,-0.335
leap,-0.335
writer's,-0.335
nut,-0.335
halfhearted,-0.335
finger,-0.335
unsure,-0.335
stare,-0.335
peruvian,-0.335
rhyme,-0.313
increased,-0.313
actively,-0.313
imitate,-0.313
farcical,-0.313
cocky,-0.313
abducted,-0.313
sht,-0.313
possess,-0.313
unintelligible,-0.313
poke,-0.313
chopping,-0.313
payed,-0.313
twodimensional,-0.313
declare,-0.313
limp,-0.313
it`s,-0.313
blindly,-0.313
insensitive,-0.313
elementary,-0.313
vanished,-0.313
additionally,-0.313
uninvolving,-0.313
decently,-0.313
intro,-0.313
begs,-0.313
skipped,-0.313
humiliating,-0.313
laying,-0.313
smug,-0.313
noone,-0.313
noisy,-0.313
underwhelming,-0.313
demonstrate,-0.313
mutilated,-0.313
rehash,-0.313
distasteful,-0.313
lift,-0.313
relieved,-0.313
inflicted,-0.313
unbalanced,-0.313
overplayed,-0.313
owed,-0.313
sacrificed,-0.313
sterile,-0.313
hence,-0.313
shortlived,-0.313
bizarrely,-0.313
ensue,-0.313
mute,-0.313
bag,-0.313
turd,-0.313
moon,-0.313
transforming,-0.313
disgraceful,-0.313
excuses,-0.313
joining,-0.313
calculated,-0.313
starving,-0.313
hams,-0.313
merit,-0.313
muddy,-0.313
sustain,-0.313
fascist,-0.313
android,-0.313
skimpy,-0.313
anyways,-0.313
faked,-0.313
bickering,-0.313
capitalize,-0.313
handheld,-0.313
rat,-0.313
farting,-0.313
sordid,-0.313
dripping,-0.313
fairness,-0.313
registered,-0.313
marketed,-0.313
anyone's,-0.313
insisted,-0.313
creature,-0.313
demographic,-0.313
crocodile,-0.313
scantily,-0.313
anti,-0.313
resume,-0.313
fathom,-0.313
romanian,-0.313
banging,-0.313
mate,-0.313
galore,-0.291
should,-0.291
skull,-0.291
transparent,-0.291
rightwing,-0.291
daddy,-0.291
parked,-0.291
hamming,-0.291
tolerate,-0.291
sexist,-0.291
ton,-0.291
nauseous,-0.291
hacking,-0.291
doctor's,-0.291
photography,-0.291
wig,-0.291
ponderous,-0.291
giggle,-0.291
foreboding,-0.291
raid,-0.291
incomplete,-0.291
uttered,-0.291
reruns,-0.291
nutshell,-0.291
hairy,-0.291
inbred,-0.291
brown,-0.291
hype,-0.291
uncover,-0.291
abound,-0.291
cannibalistic,-0.291
dribble,-0.291
pad,-0.291
amok,-0.291
praising,-0.291
smashing,-0.291
guarded,-0.291
flip,-0.291
drained,-0.291
enraged,-0.291
gimmick,-0.291
unmotivated,-0.291
ranging,-0.291
bush,-0.291
sixth,-0.291
frustratingly,-0.291
anonymous,-0.291
generate,-0.291
leaden,-0.291
riddled,-0.291
flesheating,-0.291
matching,-0.291
metal,-0.291
indulge,-0.291
pronounced,-0.291
intolerable,-0.291
breasts,-0.291
amazes,-0.291
brainwashed,-0.291
slut,-0.291
hacked,-0.291
watered,-0.291
squarely,-0.291
thankless,-0.291
invest,-0.291
depraved,-0.291
hamfisted,-0.291
steer,-0.291
raining,-0.291
anticlimactic,-0.291
distinguish,-0.291
spewing,-0.291
waving,-0.291
graveyard,-0.291
heroes,-0.291
vomiting,-0.291
tying,-0.291
muscular,-0.291
freely,-0.291
contempt,-0.291
agonizing,-0.291
foolishly,-0.291
forgiving,-0.291
bloated,-0.291
prehistoric,-0.291
creeped,-0.291
knife,-0.291
dangling,-0.291
stripped,-0.291
chair,-0.291
blast,-0.291
coincidentally,-0.291
types,-0.291
thugs,-0.291
stabs,-0.291
imdb,-0.291
copying,-0.291
consisting,-0.291
deplorable,-0.291
ego,-0.291
rapes,-0.291
ranting,-0.291
lumbering,-0.291
launch,-0.291
elevate,-0.291
oppressed,-0.291
cringe,-0.291
outset,-0.268
commonly,-0.268
poorest,-0.268
n,-0.268
oversexed,-0.268
shouted,-0.268
ranges,-0.268
diabolical,-0.268
nanny,-0.268
chained,-0.268
duped,-0.268
boorish,-0.268
seducing,-0.268
horrendously,-0.268
descending,-0.268
tooth,-0.268
bleeding,-0.268
cringeworthy,-0.268
wonders,-0.268
purposely,-0.268
grabbing,-0.268
spouting,-0.268
embarrass,-0.268
submitted,-0.268
inexcusable,-0.268
slumming,-0.268
mall,-0.268
unsatisfied,-0.268
disfigured,-0.268
travelling,-0.268
mismatched,-0.268
alarming,-0.268
droning,-0.268
preventing,-0.268
upstairs,-0.268
cracked,-0.268
radio,-0.268
overseas,-0.268
strangled,-0.268
breathe,-0.268
lists,-0.268
absurdly,-0.268
scarcely,-0.268
smarter,-0.268
vein,-0.268
amusement,-0.268
pour,-0.268
revived,-0.268
fart,-0.268
swiss,-0.268
hiring,-0.268
cleaned,-0.268
inform,-0.268
roaming,-0.268
puerile,-0.268
yell,-0.268
singlehandedly,-0.268
awhile,-0.268
fetching,-0.268
quoted,-0.268
whatever,-0.268
intrusive,-0.268
chuckled,-0.268
plentiful,-0.268
shaving,-0.268
liven,-0.268
boat,-0.268
sized,-0.268
listing,-0.268
unintended,-0.268
sneaking,-0.268
participated,-0.268
across,-0.268
criminally,-0.268
slugs,-0.268
remaking,-0.268
inject,-0.268
suffice,-0.268
overwhelmingly,-0.268
shrill,-0.268
slapping,-0.268
clinic,-0.268
dried,-0.268
bratty,-0.268
benefit,-0.268
dragon,-0.268
yard,-0.268
bitterly,-0.268
undermined,-0.268
f,-0.268
clips,-0.268
execrable,-0.268
hillbilly,-0.268
eyed,-0.268
tearing,-0.268
barking,-0.268
disregard,-0.268
punching,-0.268
injected,-0.268
ala,-0.268
semi,-0.268
underwritten,-0.268
unfocused,-0.268
assistant,-0.268
flies,-0.268
clothing,-0.268
beast,-0.268
ally,-0.268
passive,-0.268
politician,-0.268
violence,-0.268
terminal,-0.268
lecherous,-0.268
sparse,-0.268
rob,-0.268
pathetically,-0.268
filmic,-0.268
oversized,-0.268
mockumentary,-0.268
dim,-0.268
spaghetti,-0.268
crash,-0.268
budgeted,-0.268
existent,-0.268
applying,-0.268
solving,-0.268
wash,-0.268
kibbutz,-0.268
gullible,-0.268
publicly,-0.268
process,-0.246
nightmares,-0.246
thankful,-0.246
coke,-0.246
longwinded,-0.246
archaeological,-0.246
vietnamese,-0.246
despised,-0.246
vacant,-0.246
phrase,-0.246
bemused,-0.246
demeaning,-0.246
disaster,-0.246
logically,-0.246
discarded,-0.246
preceded,-0.246
elicit,-0.246
patiently,-0.246
kissed,-0.246
asylum,-0.246
goodness,-0.246
howling,-0.246
smash,-0.246
tediously,-0.246
pictured,-0.246
idiotically,-0.246
dual,-0.246
charitable,-0.246
puddle,-0.246
unresolved,-0.246
illustrate,-0.246
wronged,-0.246
dish,-0.246
trashed,-0.246
map,-0.246
incongruous,-0.246
catastrophic,-0.246
mindnumbingly,-0.246
disinterested,-0.246
chew,-0.246
exploded,-0.246
morbid,-0.246
talky,-0.246
dunno,-0.246
afterthought,-0.246
preachy,-0.246
grieving,-0.246
blandly,-0.246
noticeably,-0.246
hailed,-0.246
inadequate,-0.246
captain,-0.246
arrest,-0.246
surly,-0.246
whoever,-0.246
immature,-0.246
ineptly,-0.246
qualifies,-0.246
remakes,-0.246
insufferable,-0.246
opted,-0.246
antisocial,-0.246
sued,-0.246
whine,-0.246
ha,-0.246
lifting,-0.246
freaks,-0.246
followup,-0.246
sacrificing,-0.246
explode,-0.246
freakish,-0.246
undemanding,-0.246
excessively,-0.246
forwarding,-0.246
researched,-0.246
demanded,-0.246
momentarily,-0.246
huh,-0.246
driver,-0.246
apes,-0.246
didn't,-0.246
dump,-0.246
infuriating,-0.246
mimic,-0.246
perverse,-0.246
hammered,-0.246
sorta,-0.246
favorable,-0.246
unsurprisingly,-0.246
forehead,-0.246
subplots,-0.246
stab,-0.246
firsttime,-0.246
rican,-0.246
fastforwarding,-0.246
said,-0.246
reincarnated,-0.246
wipe,-0.246
ticked,-0.246
exploiting,-0.246
jumble,-0.246
sixteen,-0.246
scarier,-0.246
mindblowing,-0.246
subplot,-0.246
jeep,-0.246
author,-0.246
episodic,-0.246
virgin,-0.246
serviceable,-0.246
shoving,-0.246
silliness,-0.246
recruited,-0.246
dodgy,-0.246
warrant,-0.246
reedited,-0.246
recovered,-0.246
environmental,-0.246
hiking,-0.246
artful,-0.246
skinned,-0.246
staple,-0.246
preteen,-0.246
punctuated,-0.246
brush,-0.246
grossed,-0.246
grizzled,-0.246
make,-0.246
unscathed,-0.246
say,-0.246
loathsome,-0.246
palatable,-0.246
centre,-0.246
operate,-0.246
people,-0.246
intellect,-0.246
stairs,-0.246
ham,-0.246
descent,-0.246
ninjas,-0.246
resort,-0.246
aroused,-0.246
psychiatric,-0.246
spice,-0.246
scarred,-0.246
rant,-0.246
spared,-0.246
fling,-0.246
obligated,-0.246
manner,-0.246
removing,-0.246
borrow,-0.246
problematic,-0.246
postapocalyptic,-0.246
quantum,-0.246
improving,-0.246
faux,-0.246
mini,-0.246
down,-0.246
solar,-0.246
