"Reviews							||"	Sentiment (0=Worst, 5=Neutral 10=Best)
For a movie that gets no respect there sure are a lot of memorable quo	4.1
Bizarre horror movie filled with famous faces but stolen by Cristina R	10.0
A solid, if unremarkable film. Matthau, as Einstein, was wonderful. My	5.9
It's a strange feeling to sit alone in a theater occupied by parents a	10.0
You probably all already know this by now, but 5 additional episodes n	10.0
I saw the movie with two grown children. Although it was not as clever	3.3
You're using the IMDb.<br /><br />You've given some hefty votes to som	10.0
This was a good film with a powerful message of love and redemption. I	10.0
Made after QUARTET was, TRIO continued the quality of the earlier film	10.0
For a mature man, to admit that he shed a tear over this film is a mat	2.3
Aileen Gonsalves, my girlfriend, is in this film playing a secretary a	8.5
Jonathan Demme's directorial debut for Roger Corman's legendary exploi	10.0
When I rented this movie to watch it, I knew that it was not going to 	3.6
It's hard to say sometimes why exactly a film is so effective. From th	3.1
Yes, this gets the full ten stars. It's plain as day that this fill is	2.7
Hello. This movie is.......well.......okay. Just kidding! ITS AWESOME!	10.0
This is a film that was very well done. I had heard mixed reviews whil	10.0
A typical romp through Cheech and Chong's reality which includes drugs	10.0
OK heres what I say: <br /><br />The movie was excellent. I am a huge 	8.4
This is one of the first films I can remember, or maybe the first one.	6.3
This film is worth seeing alone for Jared Harris' outstanding portraya	10.0
I was 10 years old when this show was on TV. By far it was my favorite	10.0
Here's another movie that should be loaded into a satellite, fired int	1.0
To all the reviewers on this page, I would have to say this movie is w	1.9
"A favourite of mine,this movie tells of two feuding New York ""characte"	10.0
As Most Off You Might off Seen Star Wars: Return Off The Jedi You May 	1.4
I thought this movie was LOL funny. It's a fun, not to be taken seriou	10.0
Hood of the Living Dead had a lot to live up to even before the openin	5.0
Pierce Brosnan the newest but no longer James Bond, is an assassin. He	1.6
This is one of those Film's/pilot that if you knew BattleStar Galactic	10.0
This couldn't have been better. The strong restraints on Mike Sullivan	10.0
I was probably one of the few Australians not watching the tennis when	7.3
My evaluation: 8/10<br /><br />I like a lot this movie. Compare to tod	10.0
James Stewart stars in a classic western tale of revenge which ties in	10.0
This movie didn't really surprise me, as such, it just got better and 	3.1
One of the most nihilistic and brutal films I've ever seen, but also o	7.4
This is an excellent film for female body-builder & female action fans	10.0
This is a great movie that I don't think gets enough credit as Saturda	10.0
One of the best love stories I have ever seen. It is a bit like watchi	10.0
Thanks should be given to the Hong Kong VCD/DVD distributors that I on	3.8
Mesmerizing, breathtaking and horrifying, this hauntingly beautiful fi	10.0
I have to say that this miniseries was the best interpretation of the 	10.0
At first glance, it would seem natural to compare Where the Sidewalk E	10.0
`Castle of Blood' (aka `Castle of Terror') is a well-crafted, surprisi	10.0
Cuban Blood is one of those sleeper films that has a lot to say about 	3.2
Henri Verneuil's film may be not so famous as Parallax View, 3 Days of	1.2
Did you ever wonder how far one movie could go? <br /><br />Schizophre	1.0
As a long-standing Barbra fan, any posting like this will be biased. T	10.0
I happen to run into this movie one night so I decided to watch it! I 	10.0
I realized a couple of days ago that the makers of this film put a pla	10.0
I am writing this after just seeing The Perfect Son at the 2002 Gay an	10.0
The premise of the story is simple: An old man living alone in the woo	4.7
I saw this film a while back and it's still at the top of my 'favorite	4.7
I work with children from 0  6 years old and they all love the Doodle	10.0
this independent film was one of the best films at the tall grass film	10.0
To make it short and not to spoil everything this film is about Kip (G	1.0
FORBIDDEN PLANET is the best SF film from the golden age of SF cinema 	10.0
"Halfway through Lajos Koltai's ""Evening,"" a woman on her deathbed asks"	10.0
"I sit through movies like ""Tiempo de valientes"" and I want to talk abo"	10.0
North Africa in the 1930's. To a small Arab town on the edge of the Sa	10.0
An excellent documentry. I personally remember this growing up in NYC 	10.0
The H.G. Wells Classic has had several Incarnations. The 05' Speilburg	10.0
It is one of the better Indian movies I have seen lately, instead of c	4.2
Caught the tail end of this movie channel surfing through the cable mo	1.4
A great Bugs Bunny cartoon from the earlier years has Bugs as a perfor	10.0
After the usual chase scene, Jerry accidentally winds up inside a bott	10.0
This is a comedy of morals, so occasionally a gentle touch of bitterne	7.2
The 60's is a great movie(I saw it completely in one night) about the 	10.0
Mitchell Leisen's fifth feature as director, and he shows his versatil	4.6
I had been looking forward to How to Lose Friends & Alienate People fo	10.0
This short is a puzzlement. Words fail me here, as this is almost inde	7.3
This is te cartoon that should have won instead of Country Cousin. Vis	2.5
This film seems to be well remembered as the time Tom & Jerry signed a	5.0
"This is so exciting! After I saw ""La Roue"" this afternoon, a short, li"	10.0
I wasn't sure when I heard about this coming out. I was thinking how d	1.1
Tommy JOnes and Matt Dillon do the gambling world proud. The various m	10.0
Man On Fire tells a story of an ex-special forces guy with a drinking 	10.0
this movie has a great message,a impressive cast, ellen burstyn, saman	10.0
House of games has a strong story where obsession and illusion play a 	10.0
First off, I'm not some Justin Timberlake fangirl obsessed with making	1.0
A well-made and imaginative production, refreshingly free from cliché,	10.0
First off, I'd like to make a correction on another review of this fil	8.6
I was never a big fan of television until I watched 24 for the first t	3.9
A very strange and compelling movie. It's about a very awkward and tig	10.0
This is certainly one of my all time fav episodes of Trek. There is ju	4.5
enjoyed the movie and efficient Confucian crime drama, the old order s	10.0
This movie seems on the surface to be a run of mill kids movie that pa	10.0
Steve Carell has made a career out of portraying the slightly odd stra	10.0
If, like me, you like your films to be unique, and unlike the majority	1.0
i would like to comment the series as a great effort. The story line a	10.0
One night I stumbled upon this on the satellite station Bravo.Initiall	1.8
The film maybe goes a little far, but if you love the show it's what y	1.0
I happened upon this film by accident, and really enjoyed. Timothy Bus	8.4
Sure it was well shot and made, very well shot and made! But the story	1.0
"""Heartland"" is a wonderful depiction of what it was really like to liv"	10.0
I saw the film twice in the space of one week, both times the at a cin	10.0
"This is not ""so bad that it is good,"" it is purely good! For those who"	1.0
Every great gangster movie has under-currents of human drama. Don't ex	10.0
This movie was the best movie I have ever seen. Being LDS I highly rec	7.7
Beautiful film, pure Cassavetes style. Gena Rowland gives a stunning p	10.0
Sure, it was cheesy and nonsensical and at times corny, but at least t	2.8
"For a movie with a plot like this I would normally smell ""tearjerker"" "	10.0
A meteor drops from the sky and reawakens a plesiosaur that long ago u	1.8
While it certainly wasn't the best movie I've ever seen, it was certai	10.0
I just recently watched this 1954 movie starring Vincent Price for the	7.4
Starlift is a pleasant and interesting throwback to those all star mus	10.0
"Antonio Margheriti's ""Danza Macabra"" aka. ""Castle Of Blood"" of 1964 is"	10.0
A famous orchestra conductor, Daniel Dareus, suffers what appears a he	10.0
"This movie is bufoonery! and I loved it! The ""dragon lord"" (Jacky Chan"	10.0
"I LOVE Jack's jokes like 'The cliché is...' or ""Over the top cliché gu"	10.0
This is definitely one of Jet's best efforts. Few actors are able to p	10.0
This was one of the highlights of ST:TNG's semi-forgettable second sea	5.0
Claire Denis has demonstrated repeatedly that film does not need to te	1.0
As if most people didn't already have a jittery outlook on the field o	3.8
I decided to watch this because of the recommendations from this site.	2.7
What a loss the passing of director Emile Ardolino was! He could take 	10.0
I thought this move was very good. There were a few things that were l	5.0
i thought this movie was really really great! Helena did an amazing jo	10.0
This is a quirky little movie, and I have to agree that there is some 	1.8
This is a great example of a good, dumb movie. No, it is not high art 	10.0
This was a must see documentary for me when I missed the opportunity i	10.0
It'd be easy to call Guys and Dolls great. It's got Frank Sinatra and 	10.0
Joe Buck (Jon Voight) decides he's going to leave his small life in Te	4.6
"As I am no fan of almost any post-""Desperate Living"" John Waters films"	7.6
One of my favorite scenes is at the beginning when guests on a private	7.3
I don't know why some people criticise that show so much.<br /><br />I	10.0
"It was in 1988, when I saw ""The Ronnie and Nancy Show"" for the first t"	10.0
This was a superb episode, one of the best of both seasons. Down right	10.0
The first of the official Ghibli films, Laputa is most similar to its 	10.0
Cute film about three lively sisters from Switzerland (often seen runn	2.6
Pleasant story of the community of Pimlico in London who, after an une	10.0
I adored this movie. Not only because I am a big fan of Moritz Bleibtr	10.0
What a master piece. To take the cold war conflict and transport it to	6.6
Still the definitive program about the Second World War, The World At 	10.0
After 'Aakrosh' , this was the second film for Govind Nihalani as a di	10.0
Considering the lack of art with in African cinema (or Black American 	10.0
The dehumanising effect of war is a much-studied subject in the movies	10.0
A real classic. A shipload of sailors trying to get to the towns daugh	4.5
"There's something about every ""Hammer"" movie I see that really takes m"	9.7
This was just another marvelous film of the Berlin Festival. But unlik	1.0
Russ and Valerie are having discussions about starting a family. The c	7.6
"""Margaritas and Cock...""<br /><br />This tremendously entertaining fil"	10.0
The third Fred MacMurray/Carole Lombard film is a bit more serious tha	7.2
The wonderfully urbane Ronald Coleman is show-cased here as in few oth	10.0
Both visually and musically stunning. A treat for both the eye and the	10.0
"""Happenstance"" is the most New York-feeling Parisian film I've seen si"	10.0
Those who love Elivra as I did in her late night movie hostess duties 	10.0
This Showtime movie really deserves a far better viewer rating than a 	3.2
"""Girlfight"" is much more of a coming-of-age-story than it is a fight f"	5.0
'Holes' was a GREAT movie. Disney made the right choice. Every person 	10.0
Easily one of the ten best movies of the 20th century. In Cold Blood i	1.6
A great suspense movie with terrific slow camera-work adding to the dr	10.0
Shamefully, before I saw this film, I was unfamiliar with Helena Bonha	10.0
Dominion Tank Police is without a shell of a doubt, one of the most am	10.0
"A beautiful new print of ""Zabriskie Point"" is playing in Paris and see"	4.2
"Sure, he became rapidly uneven after this film, but from ""Knife In the"	10.0
"""Xizao"", is the tale about the clash of modern life and ancient tradit"	5.0
The creators of south park in their own film here, this is a brilliant	10.0
"Even if you know absolutely nothing about Ireland, you have to love ""M"	10.0
This is one of my favorite films of all time. Al Pacino acting is at i	1.8
James Stewart and Margaret Sullavan play co-workers in a Budapest gift	7.0
I just watched I. Q. again tonight and had forgotten how much I love t	10.0
Robin Williams and Kurt Russell play guys in their 30's who put their 	10.0
Perhaps it's me and my perverted ways, or the fact that I tend to have	1.7
"... It even beats the nasty ""raw"". Almost twenty years old is this sho"	7.0
"Finally, the uncut version of ""Baby Face"" surfaces and from what sourc"	10.0
"""Hatred of a Minute"" is arguably one of the better films to come out o"	3.2
I was surprised at how a movie could be both cheesy and excellent at t	10.0
This is a very dramatic and suspenseful movie. There are many plots an	10.0
One of the less widely lauded of recent Asian period action affairs Go	10.0
A beautiful piece of children's cinema buried in a world of archaic Ce	10.0
Full House came to me when I was about 9. I remember seeing re-runs of	10.0
This is a great example of a rather simple Film Noir story that is han	10.0
Paul Greengrass definitely saved the best Bourne for last! I've heard 	10.0
"""Fido"" is to be commended for taking a tired genre, zombies, and turni"	4.2
I gave it an 8 star rating. The story may have fallen short about 3/4 	9.0
Jackie Chan is considered by many film and martial arts movie fans as 	10.0
A very cute movie with a great background provided by the city of Bost	10.0
The United States was still fighting World War II (the movie was relea	10.0
-A very pretty red headed woman waiting for her plane meets a charming	10.0
My kids recently started watching the reruns of this show - both the e	10.0
I have to say, I loved Vanishing Point. I've seen the original, and th	1.0
I don't know how anyone could hate this movie. It is so funny. It took	2.4
One word can describe this movie and that is weird. I recorded this mo	1.0
Religious bigotry is rampant everywhere. Australia is not immune to it	10.0
Worth watching twice because of the rapid-paced causal shifts among se	5.0
This is a great little film, that's very unique, and creative, with so	10.0
It isn't always easy to explain what a movie is like, but this time I 	1.0
I saw this when it first came to video, my little sister got it as a g	1.0
Hickory Dickory Dock was a good Poirot mystery. I confess I have not r	10.0
"""Pandora's Clock"" is a gripping suspense/thriller that's a cross betwe"	1.1
I happen to like Leslie Howard, in his better films. Yet, for some rea	10.0
After having seen a lot of Greek movies I feel very suspicious against	5.0
In Iran, women are not admitted to soccer games. Officially it's becau	10.0
*Contains spoilers due to me having to describe some film techniques, 	10.0
Ghost Train is a fine and entertaining film, typical of the better Bri	10.0
Or released on DVD or screened on a cable channel like Amer. Life TV n	10.0
Before seeing this, I was put off by the subject matter, but this is n	10.0
Really the tale of two cocky brothers and their respective falls from 	8.9
When I first got my N64 when I was five or six,I fell in love with it,	10.0
Wow, I forgot how great this movie was until I stumbled upon it while 	10.0
This movie was highly entertaining. The soundtrack (Bian Adams) is sim	10.0
What if a platoon of G.I.'s from the Japanese army were to be send bac	1.4
Cosimo (Luis Guzman) ends up in prison for car burglary and there he's	10.0
This film isn't just about a school shooting, in fact its never even s	10.0
This is a very moving picture about 3 forty-something best friends in 	10.0
Like many Americans, I was first introduced to the works of Hayao Miya	1.0
I'm not a follower of a certain movie genre. I classify movies only as	2.6
SPOILERS<br /><br />Tom and Jerry is a classic cartoon, with a flawles	10.0
i liked this film a lot. it's dark, it's not a bullet-dodging, car-cha	1.6
Funny. Sad. Charming. These are all words that floated through my head	10.0
"This, ""Prodigal Son"" and ""Eastern Condors"" are my favourite Sammo Hung"	10.0
At the height of the 'Celebrity Big Brother' racism row in 2007 ( invo	10.0
I've watched this movie a second time to try to figure out why it wasn	1.0
*some spoilers*<br /><br />I was pleasantly surprised to find the hars	10.0
Then you must see this film, to understand the reality. Having read th	10.0
Here's a real weirdo for you. It starts out with another take-off on t	3.4
This film, as low budget as it may be, is one of the best psychologica	10.0
This film has a special place in my heart, as when I caught it the fir	10.0
STAR RATING: ***** The Works **** Just Misses the Mark *** That Little	1.6
Having not seen all the films released in 2002, I can't say that this 	1.7
OK...this one's a weirdy....Honestly, I can't tell you all the inner p	1.0
This is a VERY entertaining movie. A few of the reviews that I have re	1.0
Saw this movie on its release and have treasured it since. What a wond	10.0
Those who only remember the late Sir Peter Ustinov as Hercule Poirot o	10.0
I enjoyed this movie,and after watching it,it made me wonder just how 	9.7
First things first! This isn't an action movie although there is a lot	3.3
Academy Award winner Robert Redford (Best Director. Ordinary People 19	10.0
There are too many new styles of the sitcom but the one that works bes	10.0
We fans of Ed Wood tend to be an obsessive bunch in the first place, b	2.0
I saw this film with a special screening of the work of Owen Alik Shah	10.0
I read all of Nancy Drew as a preteen and collect the books as a grown	10.0
"This would have worked a lot better if it had been made as ""Mitchell i"	1.0
I have complained to ABC about the cancellation of six degrees. If eno	1.9
EL MAR is a tough, stark, utterly brilliant, brave work of cinematic a	9.3
Hardcastle and McCormick is an excellent TV show. <br /><br />Yes, it 	10.0
I've read a lot of comments about the film and how it's so hard for pe	10.0
This film came out 12 years years ago, and was a revelation even for p	1.6
Lavish production values and solid performances in this straightforwar	10.0
Sarafina was a fun movie, and some of the songs were really great. Sar	2.6
Maybe the greatest film ever about jazz.<br /><br />It IS jazz.<br /><	7.2
This highly underrated film is (to me) what good writing in a movie sh	2.6
I saw this movie once in or close to its release year 36 years ago (19	4.8
Elisha Cuthbert plays Sue a fourteen year old girl who has lost her mo	10.0
This film is one of those that has a resounding familiarity to it. It 	9.9
Definitely spoilers in this review! I **adore** American Gothic and ha	1.0
Yaitate!! Japan is a really fun show and I really like it! It was show	10.0
Cannot believe my eyes when read quite a bunch of other comments and r	1.0
In my mind the best of the Ealing comedies and one of my favourite fil	10.0
VIVAH in my opinion is the best movie of 2006, coming from a director 	10.0
This was a great movie with a good story. My children (10, 7, 5, and 4	9.4
I really enjoyed this film because I have a tremendous interest in Ame	10.0
"""The Lion King"" is without a doubt my favorite Disney movie of all tim"	1.1
"""Gespenster"" Question of to be cool in the German cinema<br /><br />Th"	3.7
'Cry Freedom' is a movie about how far people will go to find the trut	7.0
I really thought they did an *excellent* job, there was nothing wrong 	2.3
When I think of Return of the Jedi I think epic. Yeah Ewoks were in th	10.0
I'd waited for some years before this movie finally got released in En	10.0
A true anomaly in the French cinema ,this despairing work has no equiv	7.3
this isn't 'Bonnie and Clyde' or 'Thelma and Louise' but it is a fine 	10.0
What starts out as a very predictable and somewhat drab affair is in t	1.6
An absurdly hilarious and strikingly human tale of the jealousies and 	10.0
******* SPOILER! ********<br /><br />i saw this gr8 film a few years b	10.0
This show was great, it wasn't just for kids which I thought at first,	10.0
This is one of the best of the genre. I saw it twice about 25yrs ago a	10.0
This unpretentious Horror film is probably destined to become a cult c	2.2
Finally got to see this classic TV movie on an unofficial disc recorde	10.0
I was hooked from beginning to end. Great horror comes from disturbing	1.0
Otto Preminger, completing a noir cycle at Twentieth Century Fox, reun	10.0
In Northeastern of Brazil, the father of the twelve years old illitera	10.0
"Coming of age movies are quite usual these days. For 1980, ""Foxes"" rea"	10.0
I was up late flipping cable channels one night and ran into this movi	1.0
I loved this mini series. Tara Fitzgerald did an incredible job portra	10.0
Not really a big box office draw, but I was pleasently surprised<br />	6.4
I watched FIDO on some movie channel and I have to say that I've becom	3.5
Watching the commercials for this movie, I was fairly convinced that I	1.0
This movie captures the essence of growing up in smalltown America for	10.0
I have read with great interest the only available comment made before	10.0
Personnaly I really loved this movie, and it particularly moved me. Th	10.0
I really enjoyed this movie and it was a little difficult do that when	6.3
This film would usually classify as the worst movie production ever. E	2.3
This movie is simply awesome.It was a very sensitive issue and movie w	4.3
Midnight Cowboy is not for everybody. It's raw, painful, and realistic	10.0
This is a must see for anybody who loves thriller's specially politica	5.0
Delightful film directed by some of the best directors in the industry	10.0
The most important thing about this movie is the brilliant performance	8.8
I would almost give it 10 out of 10. However, there are some confusing	10.0
If your idea of a thriller is car chases, explosions, and dozens of pe	1.0
If in the 90's you're adapting a book written in the 50's, set the blo	3.5
I was very surprised with this film. I was touched with the lives that	8.7
This has to be the best adaptation I have seen it's my favourite and I	10.0
This film quite literally has every single action movie cliche and all	1.7
Bunny Comes Home 'This Man's Navy' deserves more credit than it gets, 	10.0
Loosely intended as a satire of D.W. Griffith's Intolerance, The Three	10.0
This supernatural Peter Weir thriller is truly one of the most hauntin	10.0
A film that dramatized an understandable reluctance to face the inevit	6.3
Jörg Buttgereit goes a bit too far with his movies and themes at times	10.0
Dark Angel is a cross between Huxley's Brave New World and Percy's Lov	10.0
The sexploitation movie era of the late sixties and early seventies be	10.0
Tarzan and his mate(1934) was the only Tarzan movie I didn't see when 	1.0
This is a racist movie, but worthy of study and enjoyment. First time 	4.2
What was there about 1939 that helped produce so many excellent Hollyw	10.0
This film has a lot of strong points. It has one of the best horror ca	1.0
hi, im scott (A.K.A woody7739) i Love the film Twisted Desire, And i l	5.6
"These are excerpts from a nine-page ""Memo to Mr. Cohn from Mr. Welles"""	1.0
It's funny. It's not Arthur Miller or T.S. Elliot, but man this is fun	10.0
Sometimes I just want to laugh. Don't you? No analyzing, no critiquing	3.2
There isn't a whole lot going on in this story -- just two men employi	5.8
Visconti's first film has all his trademark visual flair and immaculat	10.0
This movie was directed by Victor Nunez who also wrote the screenplay 	10.0
"So one person says, ""This movie is a beautiful, delicate exploration o"	10.0
Joseph H. Lewis was one of the finest directors of film noir. This is 	5.0
This film is wonderful in every way that modern action adventures are 	10.0
I must give How She Move a near-perfect rating because the content is 	9.1
The movie was a long awaited release, which where a bit disappointing 	1.4
After the success of the second instalment, Richard Curtis and Ben Elt	10.0
Another Aussie masterpiece, this delves into the world of the unknown 	10.0
Ah, Domino is actually a breath of fresh air, something new to the cin	10.0
This is comedy as it once was and comparing this with the two remakes,	10.0
This is movie is very touching. I don't care what people say about thi	10.0
Bell, Book and Candle was one of the great pop culture phenomena of th	10.0
I watched the show 10 years ago and loved it!!! Am now in possession o	10.0
"""The Notorious Bettie Page"" is about a woman who always wanted to be a"	10.0
This film has some of the greatest comedic dialog and memorable quotes	2.3
'Stanley and Iris' show the triumph of the human spirit. For Stanley, 	10.0
This series got me into Deighton's writing and the genre when I was yo	10.0
It's really annoying when good movies like this one go unnoticed. But 	10.0
I approached this film with low expectations but was very pleasantly s	10.0
For starters, I didn't even know about this show since a year or so be	5.9
Why has this not been released? I kind of thought it must be a bit rub	4.3
Twelve Monkeys is an insane time-travelling, action packed movie that 	10.0
When I saw this movie a few days ago, my eyes were completely fixed to	10.0
Heh, if I tell you to compare The Dark Knight with some 18-years-old c	1.0
Kim Basinger stars as Della, a housewife who has twin children (Terri 	1.0
Mardi Gras: Made in china is an excellent movie that depicts how two c	3.6
'Presque Rien' ('Come Undone') is an earlier work by the inordinately 	10.0
I had just reached thirteen when I first saw this series and I am watc	3.9
I remember seeing this movie when I was about 7; and at the time it sh	1.0
I only know of one other movie that could possibly compete with Openin	10.0
Marie: You are smooth. Dan: No, I'm not smooth. I'm Dan.<br /><br />If	1.0
I have always been a huge James Bond fanatic! I have seen almost all o	10.0
IN COLD BLOOD is masterfully directed and adapted by Richard Brooks. H	10.0
What can i say about the first film ever?<br /><br />You can't rate th	2.7
As of this writing John Carpenter's 'Halloween' is nearing it's 30th a	9.8
Gus Van Sant has made some excellent films. I truly am a fan.<br /><br	10.0
Whatever you become in your life,you must never forget that you have r	10.0
Obviously, there wasn't a huge budget for this film which definitely h	10.0
Ashanti is a very 70s sort of film (1979, to be precise). It reminded 	2.1
The story-line was rather interesting, but the characters were rather 	3.6
This movie took my breath away at some points, I simply loved it! <br 	10.0
Some war movies succeed where others do not, and that can be judged fr	10.0
Michael Curtiz directed this 1930 very-stylish whodunit from a script 	10.0
Ah, the best and funniest movie about female football fans, only sligh	1.0
saw this in preview- great movie- wonderful characterizations- witty a	10.0
"The Finnish version of Robert Altman's ""Short Cuts"", set in the small "	10.0
The story of Cinderella is one of my favorites from Charles Perrault, 	10.0
The trailer for this movie didn't do the movie justice. And while the 	2.6
Though not seen in too many films prior, you have certainly seen the b	10.0
WHEN I first saw this film, in London, in 1958, I was bowled over. I h	9.6
"""Jake Speed"" is a fine movie with a wonderful message. It has its flaw"	1.0
Riff Randell is a wildly, obsessed fan of the rock group; The Ramones 	10.0
Both my friend and I thought this movie was well done. We expected a l	10.0
As this movie is completely in Swiss dialect, it's probably hard for m	10.0
This movie is a perfect portrayal of The Nutcracker; the dancing is wo	1.2
For a comedy this has a decent and inventive plot and Trey Parker and 	6.7
for whoever play games video games here did anybody notice that the GT	10.0
I have read modesty Blaise for several years now, collecting numbers o	1.0
I still wonder why I watched this movie. Admittedly, before I viewed t	4.3
"Errol Flynn is ""Gentleman Jim"" in this 1942 film about boxer Jim Corbe"	10.0
It's hard for me to criticize anything that Mitzi Kapture does. She ju	1.0
"Has anyone been able to buy this movie? My Uncle ""Hutch"" was a Real (n"	1.0
"A comedy that worked surprisingly well was the little British effort """	2.3
Other than Susan Hayward's wooden delivery throughout this film it was	10.0
This is an absurdist dark comedy from Belgium. Shot perfectly in crisp	10.0
This game was really great and quite a challenge. It has a great, spoo	10.0
This movie is finally out on DVD in Italy (completely restored). I hav	1.1
Sometimes it takes a film-making master like Kubrick to bring that ext	10.0
"This is truly one from the ""Golden Age"" of Hollywood, the kind they do"	10.0
I first saw the trailer for Frailty on Yahoo Movies way back in the da	10.0
"It is a rare occasion when I want to see a movie again. ""The Amati Gir"	2.8
FORBIDDEN PLANET is one of the best examples of Hollywood SF films. It	4.6
I enjoyed every moment of this beautiful film and was intrigued about 	10.0
I haven't read this book, but all through the movie I was awestruck wi	10.0
This movie is a great way for the series to finally end. Peter (the bo	3.6
"Pegg has had a few hits in the past few years, starting with ""Shaun Of"	10.0
The Sopranos is arguably the greatest show in Dramatic Television hist	10.0
<br /><br />Human Body --- WoW.<br /><br />There are about 27,000 Sunr	10.0
Skippy from Family Ties goes from clean-cut to metal kid in this fairl	5.0
Meryl Streep is excellent in her nuanced and stoic performance as the 	3.9
I gave this film 10 not because it is a superbly consistent movie, but	10.0
"""Father of the Pride "" was another of those good shows that unfortunat"	10.0
War Inc. is a funny but strange film. The actors are likable, the film	10.0
Terrfic film with a slightyly slow start - give it a chance to start c	10.0
Four macho rough'n'tumble guys and three sexy gals venture into a remo	6.6
**** = A masterpiece to be recorded in the books and never forgotten<b	1.3
It was a bit bizarre and evil and i enjoyed it a lot, the characters i	10.0
An inventive, suspenseful exercise in claustrophobia. A Japanese thril	10.0
Trudy Lintz (Rene Russo) was one very fortunate lady many years ago. S	10.0
My definition of a great movie is if you want to continue to see it ov	10.0
Robert Urich was a fine actor, and he makes this TV movie believable. 	10.0
It's hard to find an outright bad historical drama that's based on the	10.0
"With films like ""Wallace & Gromit"" and ""Chicken Run"" under their belt,"	2.3
Before the regular comments, my main curiosity about THIS IS NOT A LOV	9.6
I recently found a copy for $5 at a video store, and snapped it up eag	10.0
I only wish that Return of the Jedi, have been directed by somebody el	1.8
What can i say about this movie? I have seen it quite a few times sinc	10.0
This isn't exactly a great film, but I admire the writers and director	1.0
Creature Comforts in America should have been released on a different 	1.4
Eddie Murphy really made me laugh my ass off on this HBO stand up come	10.0
I believe this is the most powerful film HBO Pictures has made to date	10.0
My favorite movie. What a great story this really was. I'd just like t	9.5
It's rare that I sit down in front of the TV specifically to watch a p	10.0
"While originally reluctant to jump on the bandwagon of watching ""Lost"""	4.4
Emory is a Cincinatti steel worker like his father before him and for 	6.0
Astounding.....This may have been A poor attempt at remaking the alrea	10.0
I loved Long Way Round and wasn't even aware of Race to Dakar until i 	10.0
This movie is very entertaining, and any critique is based on personal	2.3
Deeply humorous yet honest comedy about a bunch of grownups (Bill Paxt	5.6
Most people who chase after movies featuring Audrey Tautou seem to not	10.0
Besides the fact that it was one of the few movies that I ever shed a 	2.2
One of my favourite films. It has everything - rocking soundtrack, cou	4.2
A somewhat fictionalized biographical portrait of Abraham Lincoln's ea	10.0
"""Footlight Parade"" is just one of several wonderfully jaunty musicals "	10.0
Upon seeing this film once again it appeared infinitely superior to me	8.9
"I saw this movie back in 1984, we first started watching ""This Is Spin"	1.0
First-time director Tom Kiesche turns in a winning film in the spirit 	9.8
I really liked Tom Barman's AWTWB. You just have to let it come over y	4.2
This film was the first British teen movie to actually address the rea	10.0
"For what it is, ""Raising Victor Vargas"" is about as close to perfectio"	10.0
OK here is how I do this. I grade movies on 10 components. Each compon	10.0
Based on Christy Brown's autobiographical novel, this endearing film t	10.0
About 1986 I saw this movie by accident on TV one night. I was 6 years	1.0
We saw this at one of the local art movie theaters in the Montrose are	10.0
"This is an early film ""Pilot"" for the hit Canadian tv show Trailer Par"	1.0
`Mad Dog' Earle is back, along with his sad-sack moll Marie, and that 	4.6
After seeing 'Break a Leg' in Vancouver at the release party I thought	1.9
This is what the musical genre was made of. Humor, talent, romance, an	10.0
Any film in the early days of Orson Welles is a triumph all the way to	10.0
Cillian Murphy and Rachel McAdams star in this action/thriller written	1.0
Fire And Ice is an animated film set in a fantasy world. The film is a	10.0
I'm not sure how I missed this one when it first came out, but I am gl	10.0
This is the most confronting documentary I have ever seen. It was a si	5.0
Surprised to see the rather low score for this movie. Just saw this fi	10.0
"This movie is not for everyone. You're either bright enough to get ""it"	6.9
When a movie shocks you with it's disturbing, brooding atmosphere, and	2.6
Who doesn't have unresolved issues with parents? And which parents don	10.0
A series of vignettes, most of them spoofing television of the 1970's,	2.9
And I gave it a high 7.....<br /><br />Why? Because it bloody well roc	9.9
How anyone can say this is bad is beyond me. I loved this show before 	1.0
There are 21 comments as I add mine to this list and there is barely a	5.0
The filming is pleasant and the environment is keenly realistic. I lik	10.0
I saw this film on television and fascinated by the beauty of Jennifer	1.8
Fritz Lang's German medieval saga continues in Die Nibelungen: Kriemhi	10.0
...........as I was when I saw this movie) I will never watch this mov	2.8
When I was chairman of our college's coffeehouse, one of our jobs was 	10.0
"I don't know whether to recommend this movie to the fans of "" Tetsuo """	1.2
The Haunted World of Edward D. Wood, Jr. isn't a particularly good doc	2.5
Madhur Bhandarkar directs this film that is supposed to expose the lif	4.4
This was fun to watch, spookily atmospheric and effects were pretty go	2.3
This movie's origins are a mystery to me, as I only know as much as IM	1.0
the town of Royston Vasey is a weird, but wonderful place. The charact	6.6
1.) This movie was amazing! I watched it while I was in the town next 	10.0
Half a dozen short stories of varying interest enlighten us about life	10.0
I'm one of those people who usually watch programs and keep my feeling	10.0
The reason why I say this is because I wrote the screenplay and knew v	1.1
This is a good movie, but it is not recommended if you don't like inte	2.1
This movie, which starts out with a interesting opening of two hot blo	10.0
I went to see Fever Pitch with my Mom, and I can say that we both love	5.0
This is apparently the second remake of this film, having been filmed 	1.9
Darius Goes West is a film depicting American belief that everything i	10.0
"""The Grudge"" is a remake of Shimizu's own series of popular Japanese h"	9.5
After seeing this film at the SF Independent Film Festival, I couldn't	10.0
Disney, the film name that once stood for all things innocent and suit	2.1
Dear Readers,<br /><br />With High Expectations, Human Beings leave Ea	10.0
This is one of the greatest movies ever maybe even the greatest movie 	10.0
I suppose I always felt that Hotel du Nord was studio-bound, the movem	10.0
If your a hard core Freddy fan then you might not like it. This seems 	1.2
clara bow's beauty and wonderful appeal are the chief reason to watch 	9.7
OK where do i begin?... This movie changed my life! The plot was seaml	10.0
This is one of the funniest movies that I have seen this year. The peo	4.2
Ghost Story (the TV Movie--1972) was the pilot for the NBC series. The	5.0
To finally see what many consider to be the greatest women-in-prison f	5.0
As a low budget enterprise in which the filmmakers themselves are manu	3.3
"I like films that don't provide the typical ""happy ending,"" and that's"	10.0
I think Lion King 1 1/2 is one of the best sequels ever as if not the 	10.0
I do find it a bit overrated. Maybe it's just because I've never seen 	10.0
A great addition to anyone's collection.<br /><br />12 monkeys is a mo	10.0
Now here's a film straight out of my childhood, my family used to tape	10.0
Well you take O.J. Simpson as a all american soldier turned all americ	1.0
This film caught me by surprise. My friend told me that this movie was	10.0
Powers Booth is hypnotic as cult leader jim jones who led his Peoples 	10.0
OK. I admit. I'm one of those nerds who have spent all to many hours w	1.0
"Much like the comedy duo of its title, ""The Sunshine Boys"" has become "	1.0
I found this a very entertaining small kids movie that actually is gea	7.2
Richard Willaims is an animation god. He was hampered in directing thi	7.2
Simply one of the best ever! Richard Brooks' adaptation of Truman Capo	10.0
I was adopted at birth and certainly did NOT have the problems Antwone	10.0
Pearl S.Buck was a brilliant author that was a first American lady won	10.0
"""Kolchak: the Night Stalker"" is a hugely entertaining TV series in whi"	2.3
Fabulous, fantastic, probably Disney's best musical adventure. I have 	10.0
Warning: Does contain spoilers.<br /><br />Open Your Eyes<br /><br />I	10.0
What we have here is a damn good little nineties thriller that, while 	1.1
Composed, elegant Carol (marvelously played by the beautiful Rebecca B	10.0
And that's why historic/biographic movies are so important to all of u	10.0
I bought the video rather late in my collecting and probably would hav	4.6
Not sure if this counts as a spoiler or not, so beware:<br /><br />Jus	2.7
The magnetism radiated from Elvira, drawing her legions of devoted adm	10.0
When I heard this film was directed by Ang Lee, I made sure to see it.	10.0
Steve Carell comes into his own in his first starring role in the 40 Y	10.0
This anime was underrated and still is. Hardly the dorky kids movie as	10.0
Okay, there are a ton of reviews here, what can I possibly add?<br /><	4.0
Great acting on the part of Gretchen Mol. This film is one of the best	10.0
Criticism of the film EVENING, based on the novel by Susan Minot and a	10.0
What a delightful romp  a very competently made film that has so much	9.8
This is the movie I've seen more times than any other (I believe I saw	10.0
I bought this cheap from the rental remnant at our local store. It was	3.3
"I've been watching ""Dick Tracy"" for years, and as a result it's become"	10.0
It's not well shot, well written or well acted but it has to be the mo	10.0
I thought this movie was stunning, with completely outstanding perform	10.0
Have to be honest and say that I haven't seen many independent films, 	10.0
for those of you who love lord of the rings and love special effects, 	9.8
Thank God this wasn't based on a true story, because what a story it i	3.8
I grew up watching Scooby and have been a fan forever. This cartoon mo	4.8
When The Matrix appeared in 1999 and questioned existence and identity	1.0
"This three stooges flick is at a tie with my other favorite flick ""Dis"	10.0
This is one of the best films I have seen in years! I am not a Gwyneth	10.0
Ah, the 1970's. A time when it was in to be a swinger. To be honest, t	1.8
(Question) What do you call 100 film critics buried up to their necks 	7.2
Opening the film with a Bach Toccata is an aural hint of what is to un	1.3
This tender beautifully crafted production delved deep down bitter swe	10.0
Director Vincenzo Natali's Cypher is a complex and imaginative thrille	10.0
There seems to be only two types of reviews of this film on the net. T	10.0
This movie is goofy as hell! I think it was written as a serious film,	6.0
The Shining is a weird example of adaptation: it has very little in co	1.0
Any one who has seen Mel Gibson's The Passion of the Christ and was bo	5.0
A prequel to the re-imagined Battlestar Galactica series, from the sam	10.0
Featuring a fascinating performance by Will Smith and a story that tug	4.4
A stupid young man becomes obsessed with a woman--so obsessed that he 	1.0
Frustrating to watch because of one man's stubbornness to leave his na	6.7
The setting and actors make this television movie for me the best rend	10.0
I found myself at sixes and sevens while watching this one. Altman's t	8.5
First one has to take into account the time period this film was made 	2.9
"When I first saw this movie, I thought it was the typical ""love thy ne"	10.0
Sadly not available on DVD as yet, but worth pursuing on TCM or VHS. A	10.0
I admit that I am a vampire addict: I have seen so many vampire movies	8.4
Super Speedway makes a great demo of your new DVD / bigscreen / 5.1 ch	10.0
Unlike many other films, which are disturbing either by dint of their 	10.0
** possible spoilers **<br /><br />I like this film and have no proble	2.3
Being someone who lists Night of the Living Dead at number three in he	1.4
In the Hollywood west those trail hands were a rough bunch who when th	1.0
Maria Braun is an extraordinary woman presented fully and very credibl	4.6
In this send-up of horror films, 50's cold war paranoia, Reagan-era Am	1.7
I first saw Rob Roy twelve years ago. With little money for entertainm	3.3
(SPOILERS included) This film surely is the best Amicus production I'v	10.0
Excellent movie, albeit slightly predictable. I have to comment on Nic	3.8
Paris, JE T'AIME is a wondrous cinematic homage to the city of light a	10.0
Nothing is fantastic! Simple as that! It's a film that shouldn't work,	10.0
Bela made 9 pics for Monogram, but it was only at THIS one, the 4TH, t	1.0
I would have given this otherwise terrific series a full 10 vote if Cl	10.0
Grand Canyon is a very strange bird. It's a completely unique urban pi	10.0
"Since I watched it for the first time, ""Piedras"" is a personal favorit"	10.0
One of the best comedians ever. I've seen this show about 10 times and	10.0
"You could stage a version of Charles Dickens' ""A Christmas Carol"" with"	10.0
Sisters In Law is made by the same directors of the rather curiously f	10.0
I was speechless and devastated after my first viewing of this - many 	1.3
One of the most timely and engrossing documentaries, you'll ever watch	2.5
This film is scary because you can find yourself relating to ideas the	10.0
this is one amazing movie!!!!! you have to realize that chinese folklo	10.0
Esther Williams gets her first post MGM starring role and gets off<br 	8.3
"""Who Done It?"" contains many surefire laughs and gags. It is not only "	1.9
Here's another film that doesn't really need much of a recommendation.	2.9
The first time I came upon Delirious, I only heard it. I listened to t	10.0
Loretta Castorini (Cher)is a woman in her late thirties, a widow, who 	10.0
Zombi 3 has an interesting history in it's making. Firstly, it is a se	1.0
this is a visual adaptation of manga with very little dialogue. what d	1.8
Reese Witherspoon plays Dani, a young country girl that falls madly in	10.0
If you are a fan of Zorro, Indiana Jones, or action in general this is	10.0
If you enjoy Cleese & all the British 'Pythonesque' humour of the time	10.0
In April of 1965, CBS broadcast the first of Barbra Streisand's monume	10.0
This is one of my favorites along with the Mariette Hartley and Robert	1.0
I loved this movie! It was all I could do not to break down into tears	10.0
I like this movie a lot, but it's a fact, that you cannot understand i	7.6
Dr. McCoy and Mr. Spock find themselves trapped in a planet's past Ice	7.2
Eddie Murphy Delirious is undoubtedly the funniest thing I have ever s	9.6
Anyone interested in pop music, and not familiar with British music tr	10.0
The Straight Story is a multilevel exploration of the goodness and bea	2.8
I never thought an old cartoon would bring tears to my eyes! When I fi	2.6
How to lose friends and alienate people is decent comedy with a bit of	1.8
Holly addresses the issue of child sexploitation that is rampant all o	10.0
Even though I'm quite young, The Beatles are my ABSOLUTELY FAVOURITE b	10.0
To bad for this fine film that it had to be released the same year as 	3.5
Although critically maligned, Johnny Dangerously is one of the funnies	4.1
This film is great. As often heard, it is indeed very realistic and so	1.0
First love is a desperately difficult subject to pull off convincingly	10.0
I loved watching ''Sea Hunt '' back in the day , I was in grammar scho	2.9
Greetings again from the darkness. Insight into the mind and motivatio	10.0
Call me adolescent but I really do think that this is a great series. 	10.0
"What a perfect example of ""Less Is More..."" Kurt Russell (Sgt. Todd) o"	9.8
<br /><br />Ok the film wasn't going to win any awards and it is pure 	9.9
"This movie is best described or compare to ""Big Fish"" (the movie by Ti"	1.0
Still being of school age, and having to learn Shakespeare almost cons	10.0
This film was just absolutly brilliant. It actually made me think. Dur	3.8
This movie is not about entertainment, or not even a movie you want to	10.0
I wouldn't be surprised if Soderbergh was pressured to avoid making pr	2.4
The beautiful story of Stardust is written by by Neil Gaiman (writer o	3.6
I viewed the movie together with a homophobic friend, my wife and her 	1.1
It does come out of left field, and REALLY isn't what you're expecting	10.0
As always, controversial movies like this have mixed reviews. You eith	2.3
"Though I like E.E. ""Doc"" Smith's books and David A. Kyles books of Len"	1.3
When seeing this movie you should take notice to that it´s not a norma	10.0
what is wrong with you people, if you weren't blown away by the action	2.8
Overall I would have to say that I liked the movie. Some of the fight 	1.0
What can one say about Elvira that hasn't already been said in the wor	4.1
This film has renewed my interest in French cinema. The story is encha	1.6
At a time in our culture where reality exposed as narrative is overpow	4.8
. . . or type on a computer keyboard, they'd probably give this eponym	5.7
I wasn't sure what to expect but am I glad I went to see this. A smart	10.0
A have a female friend who is currently being drawn into a relationshi	4.4
You sit there for a half an hour and watch a story, believing it all, 	3.1
This movie leaves the intellectual mind thinking and trying to analyze	3.1
A longtime fan of Bette Midler, I must say her recorded live concerts 	10.0
This is apparently one of Shemp's first shorts with the Stooges. (This	10.0
A great idea: 11 stories about 11 September. 11 directors from differe	10.0
I absolutely LOVE this movie and would really like to have it someday.	8.5
How can you resist watching a film with some swing? It's a delightful 	2.3
An American In Paris is an integrated musical, meaning that the songs 	10.0
I was really stunned how much a film, that's over 60 years old could i	10.0
"Typical 90's comedy, situational comedy similar to our modern day ""My "	10.0
Philo Vance had many affinities with Bulldog Drummond He was a gentlem	10.0
Steve Carell once again stars in a light romantic movie about choices,	10.0
Although DiG! was being hailed as being closest to what the music indu	9.4
Most horror movies are in fact horrible movies. They get to be same ol	1.0
Election marks the 2nd trial society theme movie directed by Johnnie T	6.4
'Capital City' fans rejoice! This first season of this series is now a	5.0
very few chess movies have been made over the last couple of years ,bu	10.0
do you still love woody allen's humor and sense of the absurd? do you 	5.0
What's with all the negative comments? After having seen this film for	3.9
Master director Ching Siu Tung's perhaps most popular achievement is t	6.1
79/100. Fred Astaire and Ginger Rogers never made anything but great f	10.0
This is by far one of my favorite of the American Pie Spin offs mainly	10.0
This movie was one of the funniest movie I've seen in years and the la	10.0
I saw this film in Winnipeg recently - appropriate, given the location	10.0
This is a wonderful movie in a lot of ways. Everyone in my family enjo	10.0
This is simply one of the finest renditions of Dicken's classic tale. 	10.0
Neither the total disaster the UK critics claimed nor the misunderstoo	4.4
I always enjoy this movie when it shows up on TV.<br /><br />The one s	10.0
Best show since Seinfeld. She's really really funny. Her total self ce	4.9
"Very good point there : ""only an elite few (the upper classes) would b"	3.3
I have lost count of how many reviews I've written on Slaughter High. 	1.0
"After ""A Dirty Shame"", I never thought that I was going to see another"	6.3
The number of times I've had tears in my eyes when watching a movie ar	10.0
To begin with, I loved göta kanal 1, it had a lot of classic jokes inc	1.7
I've seen Mystery Men cop a bit of stick in the press and with the gen	10.0
"Mary Pickford (""Born on the Fourth of July"" as Angela Moore) is ""The L"	10.0
This is, without a shadow of a doubt, one of the scariest and most int	1.0
This movie is gorgeous. It's real and down to heart, but at the same t	10.0
A single mother(Diane Keaton) finds herself working several minimum-wa	10.0
Carl Brashear (Cuba Gooding, Jr.) was born to sharecroppers in the dee	9.4
*** Spoilers*<br /><br />My dad had taped this movie for me when I was	7.2
I cried my heart out, watching this movie. I have never suffered from 	10.0
This for me was a wonderful introduction to the talents and beauty of 	10.0
Unlike another user who said this movie sucked (and that Olivia Hussey	10.0
This is the only full length feature film about the world of bridge. I	2.4
I'm a huge fan of the Dukes of Hazzard TV show. And I really enjoyed t	10.0
Didn't know anything about the movie before watching and I think it wa	2.2
A warm, sweet and remarkably charming film about two antagonistic work	1.9
I really liked this movie. Of course the idea is pretty much out there	7.2
I remember watching this movie with my friends when we were 4 years ol	4.2
This episode of Twilight Zone combines a silent section (1890) with me	1.6
Police Story is arguably one of the best works by the master of action	10.0
"An enjoyable Batman animated film. Not on par with ""Return of the Joke"	5.0
This is what makes me proud to be British. This is by far the funniest	10.0
'Before the devil knows you're dead' is one of the best movies I've se	9.3
What we've got here is a Situation. A man is found to be in distress a	1.0
Vonnegut's words are best experienced on paper. The tales he weaves ar	7.7
I recommend families if possible,to show this to older children only.S	1.0
The concept of having Laurel & Hardy this time in the role of chimney 	10.0
Since was only a toddler when this show originally aired I just recent	10.0
This is one of my all time favorites. It is so simple and sweet - defi	10.0
For those of you who think anime is just about giant reptiles raping s	5.0
This is easily a 9. Michel Serrault, known more for comic roles in the	10.0
ANTWONE FISHER is the story of a young emotionally troubled U.S. Navy 	10.0
Halloween is not only the godfather of all slasher movies but the grea	9.7
when i saw the movie at first i thought that it was boring because not	4.1
This docu-drama is what you would expect from Richard Attenborough, th	10.0
If you are a traveller, if there is a fire burning into your heart, if	5.0
'The Rookie' was a wonderful movie about the second chances life holds	10.0
Well, Tenko is without doubt the best British television show ever, th	10.0
"""Father is still away on business"" was headline of an review after ""Pr"	10.0
I'm so glad I happened to see this video at the store. I was looking f	10.0
Good luck finding this film to even watch - it's not yet released on t	5.0
"""Telefilms"" tend to fall under the pitfalls of a low budget and a hast"	10.0
I simply never tire of watching FREEBIRD. My husband was an extra so I	6.0
When a rich tycoon is killed in a plane crash, his spinster twin siste	1.0
"I just saw ""Behind Bedroom Doors,"" and this was the first softcore fli"	1.0
It was hard for me to believe all of the negative comments regarding t	6.4
Over Her Dead Body was a nice little movie.It was decent and entertain	3.3
Spoilers I loved the later episodes from college and on, but I wish I 	2.0
"""Cinderella"" is a film about a young girl whose mother passed away and"	10.0
Have you seen The Graduate? It was hailed as the movie of its generati	10.0
this movie is just great. if you have a chance to see it, then you sho	1.0
This movie strikes me as one of the most successful attempts ever at c	8.4
Ok, so it's not a masterpiece like the Godfather, but it doesn't have 	4.8
Those who are not familiar with Cassandra Peterson's alter-ego Elvira,	9.3
An axellent second installment that manages to be just as good as the 	10.0
In her autobiography,Laureen Bacall reveals that Bogie told her that s	1.0
I only saw IPHIGENIA once, almost 30 years ago, but it has haunted me 	10.0
I'd love to give this movie a 10/10, but in its existing state I can o	10.0
Except for an awkward scene, this refreshing fairy tale fantasy has a 	10.0
This was a great romantic comedy! Historically inaccurate (Einstein ha	10.0
Clint Eastwood reprises his role as Dirty Harry who this time is on th	6.9
The Last of the Blond Bombshells is an entertaining bit of fluff. Judy	9.3
I saw this movie when Mystery Science Theater ran it in 1993. It is th	1.0
This was a highly original decent movie, and a brave move for all thos	8.6
I hated the first episode of this show ( 'Protesting Hippies' ) so muc	10.0
I just saw this movie the other day when I rented it, and I thought th	4.8
I would reccomend this film to everyone. Not only to the fans of the r	10.0
Since my third or fourth viewing some time ago, I've abstained from La	4.2
WAR, INC. (2008) **1/2 John Cusack, Marisa Tomei, Hilary Duff, Joan Cu	10.0
EUROPA (ZENTROPA) is a masterpiece that gives the viewer the excitemen	10.0
Some years ago, satellite channel U.K. Gold promoted repeats of 'Men B	10.0
I.Q., in my opinion, is a sweet, charming, and hilarious romantic come	10.0
"Out of the first five episodes of Hammer's short-running ""Hammer House"	10.0
Robert Altman is my favorite American director. I must admit that I ha	10.0
The 1986 TV movie of The Spirit was a pilot for a possible series. How	10.0
Lindy (Meryl Streep) and her husband Michael (Sam Neill) have just wel	10.0
Lexi befriends Jennifer, a thin, intelligent girl at her new school. L	7.2
"Samuel Fuller's Pickup on South Street is anomalous: A ""Red Scare"" mov"	10.0
Now i have read some negative reviews for this show on this website an	10.0
This movie is more Lupin then most, especially coming from Funimation.	1.0
"In the immortal ""Shaun of the Dead"", we are introduced to a London whe"	10.0
Val Kilmer and Dylan McDermott are terrific. I have seen Kilmer on The	1.0
I'm disappointed that Reiser (who wrote the film) felt the need to use	2.1
Home Room really surprised me. In comparison to other movies that were	1.3
Hollow Point, though clumsy in places, manages to be an extremely ende	10.0
Just watched the film for the 3rd time and enjoyed Lindsay Crouse and 	10.0
hi I'm from Taft California and i like this movie because it shows how	1.0
Stan & Ollie become SAPS AT SEA when their wayward little boat is comm	1.0
This shorter movie is the epitome the expected results when the imbeci	4.3
Has there ever been a movie more charming than this? One of the reason	9.5
I thought this was a wonderful way to spend time on a too hot summer w	10.0
Featuring a few of Hammer's all-stars, this highly effective slice of 	10.0
This movie can be interpreted on many different levels. Don't listen t	3.7
Your average garden variety psychotic nutcase (deliciously essayed wit	4.7
Having seen CUBE, I've been a fan of Vincenzo Natali's work. Natali se	1.0
"""Le Locataire""(""The Tenant"")is without a doubt one of the most importa"	10.0
Fully deserving its prestigious Hollywood award nomination, this is an	1.0
One of the most unheralded great works of animation. Though it makes t	10.0
Throughout this film, you might think this film is just for kids. Well	10.0
I liked this movie a lot. The animation was well done and the romance 	10.0
I saw this movie on the Hallmark Channel and thought it was wonderful,	1.0
This movie will go down down in history as one of the greats, right al	10.0
But the rest of us, who love a good sentimental and emotional story th	10.0
"""The Groove Tube"" was one of only two Ken Shapiro movies, the other on"	5.0
"I saw ""The Grudge"" yesterday, and wow... I was really scared, a good t"	5.8
This adaptation of Pearl S. Buck's film is certainly a classic. A true	10.0
Probably Bigas Luna's finest achievement for it achieves a delicate ba	10.0
Very good except for the ending which was a huge disappointment.<br />	1.3
Until I saw this special on HBO, I had never heard of Eddie Izzard. I 	2.7
Gillian Holroyd (Kim Novak) is a witch. Secretly, she's attracted to h	1.0
This is one of those movies that you keep thinking about when you wake	4.4
I saw this in the theater and I instantly thought that it is good enou	3.9
"""Night of the Living Homeless"" was a fairly strong finish to the first"	10.0
WOW. One of the greatest movies I have EVER - EVER seen.<br /><br />Ab	1.2
THE JIST: See something else.<br /><br />This film was highly rated by	2.8
A meteorite falls in the country of a small town, bringing a jelly cre	4.7
The production quality, cast, premise, authentic New England (Waterbur	2.5
The whole does not even come close to the sum of the parts. No problem	10.0
"One of the best ""Amitabh comeback"" movies I liked. This was the phase "	10.0
In my opinion, October Sky is one of the best movies of 1999...It tota	8.3
If I could go back, even as an adult and relive the days of my Summer'	1.4
Yes, I call this a perfect movie. Not one boring second, a fantastic c	10.0
I'm not sure that this comment contains an actual spoiler, but I'm pla	10.0
I really liked this film when it was released, and I still do, because	10.0
Roman Polanski is considered as one of the most important directors of	10.0
This is real character and story driven drama at a level that shames m	2.0
I agree that Capital City should be on DVD. I watched this show only b	6.3
Once again Jet Li brings his charismatic presence to the movie screen 	10.0
Okay. This Movie is a Pure Pleasure. It has the Ever so Violent Horror	1.8
I just read the plot summary and it is the worst one I have ever read.	10.0
In Rosenstrasse, Margarethe von Trotta blends two stories to create a 	10.0
Yes, the plot is predictable; yes, there are a few plot holes; yes, it	10.0
Steven Spielberg wanted to win an Oscar so bad that he figured that he	10.0
Gurinda Chada's semi-autobiographical film (2002) is a gentle, poignan	10.0
Its too bad a lot of people didn't understand this and the next episod	1.6
I think you would have to be from the USA to get a lot of the jokes. B	1.0
The performance by Om Puri, Smita Patil, and Sadashiv Amrapurkar and t	8.0
This film is a great example of fine storytelling. The acting is super	4.6
I had heard good things about this film and was, you guessed it, a bit	2.7
Why is this movie not in the 250 best? This movie looks still astoundi	2.9
S.S. Van Dine must have been a shrewd businessman in dealing with Holl	1.2
I saw this movie again as an assignment for my management class. Were 	10.0
The kids I took to this movie loved it (four children, ages 9 to 12 ye	5.0
Loved it but still have nightmares over the hotel manager.The movie, w	10.0
I saw this movie about a week ago and still keep thinking about it. I 	1.2
As has been well documented by previous posters, the real stars of Roc	10.0
I finally got myself set up on mail order DVD rental so I could find m	7.5
I just saw this film on Turner Classic Movies last night and was blown	10.0
And this is a great rock'n'roll movie in itself. No matter how it evol	10.0
OK, this movie starts out like a cheesy Lifetime movie and doesn't get	9.2
This is really a great unknown movie.Perfect dialogue without the typi	10.0
I used this film in a religion class I was teaching. The golden fish i	10.0
The legend of Andrei Konchalovsky's towering 4 and a half hour poem to	10.0
I, like many die-hard Trekkers (or Trekkies, i don't care!) suffered t	8.8
This is a great story of family loyalty which, thankfully, doesn't res	10.0
Great documentary about the lives of NY firefighters during the worst 	10.0
This movies chronicles the life and times of William Castle. He made a	10.0
I recently rented this doc, having remembered hearing about it from IM	10.0
Netflix should mention this short feature on the info for Silk Stockin	3.3
"Following the brilliant ""Goyôkiba"" (aka. ""Hanzo The Razor - Sword Of J"	10.0
I saw this film at a store in the cheap section. I actually vividly re	10.0
Simply well written, directed and acted... Woody's best of the 2000's 	10.0
I first saw this back in the early 90s on UK TV, i did like it then bu	10.0
At first,this movie seems so bad that i almost fell in a trance the fi	1.0
I got to say that Uma Thurman is the sexiest woman on the planet. this	1.3
During a Kurt Weill celebration in Brooklyn, WHERE DO WE GO FROM HERE?	1.0
Ahh, Talespin! What can I say that hasn't already been said about this	3.4
I love this film 'Spring and port wine'. I was born in Leigh, a town a	10.0
I was all ready to pan this episode, seeing that this 'Master' really 	3.3
I liked this movie because it basically did more with less. It could h	1.6
I was very moved by the story and because I am going through something	4.6
I always have a bit of distrust before watching the British period fil	10.0
In Joel Schumacher, you have one of the most inconsistent film makers 	10.0
This is definitely one of the best kung fu movies ever, and may be one	2.9
A trio of buddies, sergeants all in the British Army, carouse & brawl 	10.0
When it comes to Paul Verhoeven and erotic thrillers, most people thin	1.5
Sergio Martino is a great director, who has contributed a lot to Itali	10.0
Fay Grim is a true example of what I call a completed puzzle film. It 	4.3
Everybody's got bills to pay, and that includes Christopher Walken.<br	1.0
For me,this is one of the best movies i ever saw.Overcoming racism,str	10.0
I have to admit, this movie moved me to the extent that I burst in tea	1.0
The main reason I wanted to see this movie was because of the wonderfu	1.0
i expected something different:more passion,drama...Again another fail	1.0
"The movie ""Holly"" is the story of a young girl who has been sold by he"	1.0
You got to go and dig those holes. Holes only leaves troble, which mak	10.0
An OUR GANG Comedy Short.<br /><br />The Gang coerces Spanky into watc	10.0
i really liked the first 2 seasons. because a lot of good characters d	2.7
A have a female friend who is currently being drawn into a relationshi	4.4
This movie stars Jay Leno as a Detroit cop, Tony Costas and Pat Morita	10.0
I don't see how you can say that Freddy's Nightmares is cheesy and a r	10.0
Initially, I would have thought that Secret Sunshine had something cri	1.0
It's hard to rate films like this, because do you rate it on productio	1.0
A great gangster film.Sam Mendes has directed this beautiful movie sho	10.0
When I first saw this film in the 1980's, I was in my middle teenage y	7.2
I have loved this movie all of my life. It's such an intelligent story	8.6
A lot of the user comments i have seen on the IMDB for this movie don'	1.9
<br /><br />The first thing I have to say is that I own Jake Speed. I'	10.0
The perfect space fantasy film. a group of kids go up accidentally in 	9.7
The movie held my interest, mainly because Dianne Keaton is my favorit	10.0
A young solicitor in sent to a remote area to wrap up the estate of a 	10.0
What's Good About It: Some inventive and genuinely creepy little effec	10.0
Huge, exhaustive and passionate summary of American cinema as seen thr	10.0
Of those comments here before mine, I mostly agree with Edyarb's. The 	3.1
Being a genre film fan, a child of the 80's AND a fan of hard rock mus	10.0
Kalifornia came out in 1993, just as 3 of the 4 lead characters were u	1.9
EARTH is a must see for children and adults. My son had great fun watc	10.0
I was electrified when I first saw this in 1983 or 1984. Steven Biko i	7.0
Arthur Bach needs to grow up, but that is unfortunately not the only t	10.0
"""Holly"" is an issue-driven film, but it is neither manipulative nor ov"	10.0
Coming shortly before the imposition of a morality code darkened the s	6.0
this may not be War & Peace, but the two Academy noms wouldn't have be	10.0
Like A Streetcar Named Desire (also directed by Gadg both on stage and	1.0
"""I moved out here to get away from this kind of thing!"" The small town"	6.0
It's a tale that could have taken place anywhere really, given the rig	10.0
The film is exceptional in it's gay iconography and extends this beyon	8.1
In Iran, women are officially banned from men's sporting events. In Ju	1.3
In this glorious telling of a weekend shared among literary greats. Ma	10.0
Some genre films need to be dressed up. This one was an exception. Tak	3.0
What seemed at first just another introverted French flick offering no	2.0
I know that there are some purists out there who poo poo anything that	10.0
A very high-standard Columbo story which was actually the first filmed	10.0
Uneducated & defiant, beautiful TESS OF THE STORM COUNTRY is the daugh	9.5
Listening to the soundtrack at the moment, the images come back with a	1.0
This movie was very good because it remember when I was young when I m	10.0
I just recently watched this on the Sundance channel. The idea for the	10.0
Well, I'd heard from somewhere that Ossessione is a precursor to the I	10.0
Cypher is a clever, effective and eerie film that delivers. Its good p	1.0
"I took a chance on ""Hardcastle and McCormick"" by purchasing the first "	10.0
"""Homeward Bound: The Incredible Journey"" is one of those wonderful old"	10.0
"For those of you unfamiliar with Jimmy Stewart, this is one of his ""le"	1.0
I saw this movie when I was in Israel for the summer. my Hebrew is not	1.0
'One-Round' Jack Sander is called that because he's a carnival boxer w	10.0
Saw this Saturday night at the Provincetown Film Festival, and it's a 	8.4
'The second beginning' as it's title explains, shows us the beginning 	9.2
How can anyone not love this movie ? I think it's a hilarious spoof of	10.0
I'll tell you a tale of the summer of 1994. A friend and I attended a 	10.0
It's not easy making a movie with 18 different stories in it. Although	10.0
I saw this movie with my dad. I must have been pretty young, around 15	10.0
My Take: Makes use of its familiar plot with fine performances and a f	10.0
"What can I say that hasn't been said about ""The Haunting""? It has ever"	2.5
I saw this gem of a film at Cannes where it was part of the directors 	10.0
"I had the privilege of watching ""Holly"" at the Edinburgh Film Festival"	1.7
Let me set the scene. It is the school holidays and there is absolutel	10.0
Riget II is a good sequel, but not quite as good as the first one. Thi	10.0
Kimi wa petto is a cute story about a girl who one day finds a boy ins	3.4
Is this the future that awaits us? An overpopulated, unforgiving waste	10.0
Brand Hauser (John Cusack) is an assassin for the CIA. He is ordered t	10.0
Goodnight Mister Tom is so beautifully filmed and beautifully realised	10.0
Though not a horror film in the traditional sense, this creepy little 	10.0
I haven't yet read Kurt Vonnegut's Mother Night (though I've read othe	1.5
For real film people, this film is a must, since it works as a perfect	2.1
The Caprica episode (S01E01) is well done as a pilot. Really, this epi	10.0
This documentary makes you travel all around the globe. It contains ra	10.0
Of all Arnold's mid-'80s movies who would have thought that most relev	10.0
Fear of a black hat is a hilarious spoof of Hip-Hop culture. It is jus	5.0
This made-for-TV film is a brilliant one. This is probably the best an	10.0
Carla works for a property developer's where she excels in being unatt	10.0
Adorable! I saw Domestic Import in Philly in October with my kids. We 	10.0
"Four words account for why this film was made - ""She Done Him Wrong"". "	9.7
- After their sons are sentenced to life in prison, Adelle (Debbie Rey	1.0
Walter Matthau and George Burns just work so well together. The acidit	10.0
I drove from Sacramento to San Francisco (and back) to see this movie 	4.4
This is a haunting, powerful Italian adaptation of James M. Cain's nov	10.0
Linking story: another first-time viewing for me and, again, this is o	10.0
I thought this was a quiet good movie. It was fun to watch it. What I 	10.0
I got to see this just this last Friday at the Los Angeles film festiv	10.0
Spoiler for anyone who is lucky enough to ever see this film (so not r	1.0
This is one a most famous movies of the French sexual empowerment of t	1.5
Is this your typical women in chains navy transport love story? Maybe,	10.0
Hitchcock displays his already developed understanding for visuals in 	10.0
In ten words or less to describe this film, Barbara Stanwyck is too ap	10.0
Michael Is King. This film contains some of the best stuff Mike has ev	10.0
A sentimental story with a sentimental sound track. It's about a littl	4.4
I loved the idea of this film from the moment I first saw a trailer fo	10.0
Having not seen the films before (and not being able to stand Matt Dam	3.7
"Director/star Clint Eastwood's ""Sudden Impact"" is an intriguing additi"	10.0
This movie is a ripoff of James Cain's novel, THE POSTMAN ALWAYS RINGS	9.5
I'm grateful to Cesar Montano and his crew in reviving the once-moribu	2.4
This film is stunningly beautiful. Goldsworthy's art really benefits w	7.3
An absolutely brilliant show. The second season began where the first 	10.0
There is no such a thing as perfect murder.Lieutenant Columbo knows th	9.7
I won't claim to be a fan of Ralph Bakshi, because i am not. I have on	1.0
THE HOUSE THAT DRIPPED BLOOD is the third in a series of seven Amicus 	10.0
First of all I saw this movie without knowing anything about it I just	9.4
Frailty is a non-gory horror film that achieves its chills by followin	2.5
Who would've imagined -- Hal Hartley creates a filmic corollary to Syr	10.0
Most folks might say that if one were to spend a Saturday night watchi	1.0
Released in December of 1957, Sayonara went on to earn 8 Oscar nominat	10.0
Faith and Mortality... viewed through the lens of an elderly Ashkenazi	8.9
This movie has made me want to become a director, and Michelle Rodrigu	9.4
My all-time favorite movie. Oscar-caliber work by everyone involved, b	10.0
This movie grabbed me with the incredible opening sequence which trick	1.0
There is so much of worth in this movie that it is hard to know where 	10.0
WOW! What - a - movie !!!!!!!!!!! I'm not at all a fan of contemporary	10.0
So your bairns are away on a sleep-over ? The wife is visiting the mot	1.3
As someone who was born to a German mother and English father (who spe	4.2
These two men went thru hell and beyond and have produced the movie th	7.2
This is a really well made movie. Sumitra Bhave has always made sensib	1.0
A dying Kung Fu master sends out his last student in order to track do	9.0
this was one of the most moving movies i have ever seen. i was about 1	10.0
OK, I overrated it just a bit to offset at least one of those grumpy r	5.0
An opium den, a dirty little boy (actually a midget), prostitutes galo	1.5
Without being one of my favorites, this is good for being a change of 	10.0
Trapped: buried alive brings us to a resort that has just opened, and 	1.0
I was reviewing some old VHS tapes I have and came across The TV show 	10.0
Why a good actress like Elizabeth Berkley stars in this commonplace mo	1.0
I must confess to not having read the original M R James story althoug	3.1
It's hard to put your finger on this one. Basically I suppose it's a c	10.0
Very sweet pilot. The show reeks of Tim Burton's better films...Edward	10.0
Make no mistake, Maureen O'Sullivan is easily the most gorgeous Jane e	10.0
Gédéon and Jules Naudet wanted to film a documentary about rookie New 	10.0
The John Van Druten Broadway hit is brought to the screen with a maxim	10.0
One of those beautifully intense movies that draws us so intimately fa	10.0
Magicians is a wonderful ride from start to finish, thanks in large pa	10.0
Director Douglas Sirk once said `there's a very short distance between	10.0
This movie has the most beautiful opening sequence ever made. I've see	3.2
The inspiring story of Carl Brashear (Cuba Gooding, Jr.), a black man 	10.0
The Dentist was made on the time when almost every profession had it's	10.0
If you fast forward through the horrible singing, you will find a clas	3.4
I'm a pretty old dude, old enough to remember the taste of Oreos and C	1.0
This film has been on my wish list for ten years and I only recently f	7.6
I just watched Holly along with another movie about trafficking and ch	10.0
An excellent and accurate film... McGovern takes great pains to resear	10.0
I don't know what the previous reviewer was watching but I guess that'	10.0
Red Skelton was still another major star who made the transition from 	2.6
I reflect back to the days when I held my boyfriends hat to smell him 	10.0
This film resembles in many ways `Enemy of the State' with Will Smith 	3.8
Fragile Carne, just before his great period. Although it is sometimes 	10.0
"""Bend It Like Beckham"" is a film that got very little exposure here in"	2.7
11 Oscar nominations and zero win!!! Am yet to understand why - its no	1.0
Yes, Shakespeare would indeed have been proud. Laurence Fishburne was 	1.0
Sarah Silverman is a dangerous Bitch! She's beautiful, sexy, funny and	10.0
Loopy, but shrewd and formidable mob boss Vic (an excellent performanc	10.0
"John Water's (""Pink Flamingos""...) ""Pecker"" is the best movie I've see"	5.0
This film is a complete re-imagining of Romeo and Juliet in Tel Aviv a	10.0
I liked this film very much. The story jumps back and forth quite a bi	6.6
I saw this film at the Toronto Film Festival, where it received a stan	2.6
basically, i like Verhoeven film because in his film, i enjoy a brilli	5.0
There's so many things to fall for in Aro Tolbukhin. En la mente del a	1.4
A lot of people unfairly sh!t on this series but several of the Guinea	2.5
"""The Groove Tube"" was initially shown on video, in the first ""video th"	1.0
This show has a great storyline! It's very believable! A mans wife die	10.0
Legendary movie producer Walt Disney brought three of the world's grea	10.0
Not knowing what this film was about, I checked it out at the video st	10.0
When I saw the Exterminators of year 3000 at first time, I had no expe	1.5
"Without ""mental anachronism"", this film which I would like to find in "	3.4
This movie is just great. It's entertaining from beginning to the end,	10.0
I've seen the original English version on video. Disney's choice of vo	1.3
Hello, I was alanrickmaniac. I'm a Still Crazy-holic. It was just anot	10.0
In some ways, The Wrath of Kriemhild surpasses Siegfried's Death, but 	1.0
